Transaction_ID,Date,Amount,Category,Status,Customer_Email,Customer_Phone
TXN-00670,2023-08-01,663.73,Entertainment,Completed,user670@example.com,+1-970-929-7525
TXN-00122,2023-10-03,363.59,Travel,Completed,user122@example.com,+1-343-246-1609
TXN-00018,2023-04-30,547.14,Healthcare,Completed,user18@example.com,+1-681-556-7690
TXN-00433,2023-02-08,459.59,Entertainment,Completed,user433@example.com,+1-223-292-7442
TXN-00552,2023-03-31,476.65,Grocery,Completed,user552@example.com,+1-293-722-8298
TXN-00345,2023-02-11,429.34,Healthcare,Completed,user345@example.com,+1-871-539-5476
TXN-00357,2023-05-16,497.22,Healthcare,Pending,user357@example.com,+1-370-906-8272
TXN-00842,2023/13/45,601.22,Travel,Completed,user842@example.com,+1-480-295-6905
TXN-00708,2023-10-31,763.22,Utility,Completed,user708@example.com,+1-695-278-6916
TXN-00934,2023-02-07,170.18,Grocery,Completed,user934@example.com,+1-991-994-4201
TXN-00449,2023-04-18,422.92,Utility,Completed,user449@example.com,+1-582-547-6990
TXN-00898,2023-02-21,522.01,Grocery,Completed,user898@example.com,+1-947-444-1948
TXN-00699,2023-12-14,638.6,Utility,Completed,user699@example.com,+1-594-212-5781
TXN-00557,2023-10-08,426.86,Healthcare,Completed,user557@example.com,+1-605-460-1049
TXN-00567,2023-08-27,194.28,Travel,Completed,user567@example.com,+1-899-877-9835
TXN-00782,2023-11-04,299.7,Travel,Pending,user782example.com,+1-788-592-7931
TXN-00191,2023-10-18,433.02,Utility,Pending,user191@example.com,+1-919-980-6062
TXN-00436,2023-10-07,511.11,Entertainment,Completed,user436@example.com,+1-249-251-5609
TXN-00798,2023-02-24,602.23,Healthcare,Completed,user798@example.com,+1-779-960-9115
TXN-00338,2023-03-03,451.79,Utility,Completed,user338@example.com,+1-338-264-8498
TXN-00349,2023-10-17,,Entertainment,Completed,user349@example.com,+1-708-908-9151
TXN-00631,2023-09-16,246.13,None,Completed,user631@example.com,+1-940-857-9037
TXN-00940,2023-03-18,415.39,Healthcare,Completed,user940@example.com,+1-955-944-6038
TXN-00129,2023-04-23,514.95,Entertainment,Completed,user129@example.com,+1-701-830-7686
TXN-00912,2023-10-11,532.87,Utility,Completed,user912@example.com,+1-708-666-9368
TXN-00041,2023-02-22,610.77,None,Completed,user41@example.com,+1-625-694-8736
TXN-00189,2023-01-30,372.98,Travel,Completed,user189@example.com,+1-823-873-5381
TXN-00286,2023-02-20,,Entertainment,Completed,user286@example.com,+1-654-825-5668
TXN-00943,2023-02-13,597.53,Grocery,Completed,user943@example.com,+1-261-345-5584
TXN-00295,2023-09-06,553.55,Travel,Completed,user295@example.com,+1-456-253-8873
TXN-00474,2023-01-20,705.03,Utility,Completed,user474@example.com,+1-620-713-8726
TXN-00989,2023-12-26,466.86,Utility,Completed,user989@example.com,+1-262-289-5583
TXN-00694,2023-09-06,592.39,Grocery,Failed,user694@example.com,+1-391-641-8353
TXN-00678,2023-10-22,762.84,Utility,Completed,user678@example.com,+1-437-277-6580
TXN-00626,2023-10-14,423.32,Travel,Completed,user626@example.com,+1-502-356-4214
TXN-00681,2023-01-04,608.25,Healthcare,Failed,user681@example.com,+1-849-479-8381
TXN-00852,2023-12-20,416.68,Travel,Completed,user852@example.com,+1-209-208-6629
TXN-00961,2023-11-14,596.41,Grocery,Completed,user961@example.com,+1-471-322-2481
TXN-00818,2023-05-06,633.44,Entertainment,Completed,user818@example.com,+1-338-968-7743
TXN-00324,2023-09-02,813.86,Utility,Completed,user324@example.com,+1-391-880-2402
TXN-00323,2023-10-27,377.27,Travel,Failed,user323@example.com,+1-446-784-7825
TXN-00635,2023-03-23,348.18,Entertainment,Completed,user635@example.com,+1-857-260-9584
TXN-00751,2023-02-28,361.52,Entertainment,Completed,user751@example.com,+1-411-733-8912
TXN-00625,2023-09-29,738.98,Healthcare,Completed,user625@example.com,+1-467-766-7841
TXN-00495,2023-12-14,728.47,Grocery,Completed,user495@example.com,+1-775-912-5450
TXN-00023,2023-04-12,ONE HUNDRED,Healthcare,Completed,user23@example.com,+1-665-290-6153
TXN-00031,2023-05-23,409.74,Travel,Completed,user31@example.com,+1-408-473-9998
TXN-00299,2023-01-31,621.93,Healthcare,Completed,user299@example.com,+1-479-660-9410
TXN-00194,2023-09-06,313.14,Entertainment,Completed,user194@example.com,+1-271-345-1502
TXN-00197,2023-03-06,367.42,Utility,Completed,user197@example.com,+1-664-549-3578
TXN-00223,2023-06-23,602.94,Grocery,Completed,user223@example.com,+1-496-317-7636
TXN-00993,2023-04-30,462.92,Grocery,Completed,user993@example.com,+1-219-591-6883
TXN-00846,2023-02-13,,Utility,Completed,user846@example.com,+1-943-916-4836
TXN-00794,2023/13/45,,Grocery,Completed,user794@example.com,+1-778-231-4613
TXN-00472,2023-02-25,154.71,Travel,Completed,user472@example.com,+1-521-628-3481
TXN-00098,2023-04-23,539.16,Travel,Completed,user98@example.com,+1-851-394-5106
TXN-00639,2023-05-07,306.51,Travel,Pending,user639@example.com,+1-269-924-3474
TXN-00283,2023-02-08,737.9,Healthcare,Completed,user283@example.com,+1-366-385-3712
TXN-00600,2023-04-10,556.6,Healthcare,Completed,user600@example.com,+1-507-924-3365
TXN-00181,2023-11-03,593.85,Travel,Completed,user181@example.com,+1-938-252-5712
TXN-00510,2023-08-12,375.36,Utility,Pending,user510@example.com,+1-237-606-9116
TXN-00872,2023-06-26,380.26,Utility,Completed,user872@example.com,+1-997-907-1439
TXN-00076,2023-03-25,623.29,Utility,Pending,user76@example.com,+1-257-500-6873
TXN-00287,2023-01-26,477.23,Entertainment,Completed,user287@example.com,+1-970-966-8355
TXN-00408,2023-12-18,478.64,Entertainment,Completed,user408@example.com,+1-375-874-6531
TXN-00938,2023-01-28,606.25,Utility,Failed,user938@example.com,+1-554-851-1157
TXN-00515,2023-10-23,413.48,Healthcare,Completed,user515@example.com,+1-856-756-9590
TXN-00738,2023-02-05,647.4,Entertainment,Pending,user738@example.com,+1-370-862-1725
TXN-00714,2023-08-08,559.87,Travel,Completed,user714@example.com,+1-537-650-6484
TXN-00249,2023-10-23,764.82,Grocery,Completed,user249@example.com,+1-829-808-9307
TXN-00617,2023-01-26,516.41,Grocery,Completed,user617@example.com,+1-677-746-6886
TXN-00177,2023-03-24,501.95,Entertainment,Completed,user177@example.com,+1-333-769-1982
TXN-00094,2023-05-19,450.85,Healthcare,Completed,user94@example.com,+1-481-208-1803
TXN-00092,2023-08-25,645.3,Healthcare,Completed,user92@example.com,+1-788-502-5837
TXN-00465,2023-06-20,483.15,Healthcare,Completed,user465@example.com,+1-811-685-5350
TXN-00610,2023-02-24,724.41,Utility,Completed,user610@example.com,+1-690-413-6455
TXN-00347,2023-12-03,282.79,Grocery,Completed,user347@example.com,+1-609-961-8204
TXN-00878,2023-08-21,,Healthcare,Completed,user878@example.com,+1-315-446-9185
TXN-00844,2023-09-22,,Healthcare,Completed,user844@example.com,+1-880-864-3711
TXN-00914,2023/13/45,736.62,Healthcare,Completed,user914@example.com,+1-780-370-7024
TXN-00718,2023-01-26,522.55,Entertainment,Completed,user718@example.com,+1-607-526-5775
TXN-00142,2023-02-02,696.07,Grocery,Completed,user142@example.com,+1-536-992-3417
TXN-00665,2023-08-01,393.07,Grocery,Pending,user665@example.com,+1-477-247-2218
TXN-00163,2023-01-02,673.79,Grocery,Completed,user163@example.com,+1-929-532-7240
TXN-00301,2023/13/45,375.65,Utility,Completed,user301@example.com,+1-427-661-6727
TXN-00085,2023-02-06,378.73,Entertainment,Completed,user85@example.com,+1-676-494-9955
TXN-00457,2023-11-14,483.95,Travel,Completed,user457@example.com,+1-366-602-5902
TXN-00700,2023-07-27,472.26,Healthcare,Completed,user700@example.com,+1-623-597-2387
TXN-00685,2023-08-03,316.68,Travel,Completed,user685@example.com,+1-287-990-5839
TXN-00039,2023-04-21,300.77,Entertainment,Failed,user39@example.com,+1-710-933-5781
TXN-00849,2023-09-08,404.34,Travel,Completed,user849@example.com,+1-418-688-2276
TXN-00386,2023-06-04,522.56,Utility,Completed,user386@example.com,+1-324-405-3275
TXN-00049,2023-01-23,551.54,Utility,Failed,user49@example.com,+1-352-657-9824
TXN-00966,2023-11-17,716.02,Travel,Completed,user966@example.com,+1-564-605-9412
TXN-00296,2023-09-04,396.06,Healthcare,Pending,user296@example.com,+1-580-767-2680
TXN-00123,2023-05-15,710.42,Utility,Pending,user123@example.com,+1-511-704-2902
TXN-00859,2023-02-17,417.17,Utility,Completed,user859@example.com,+1-856-893-3340
TXN-00244,2023-09-06,,Entertainment,Pending,user244@example.com,+1-481-805-1920
TXN-00604,2023-07-24,703.35,Grocery,Completed,user604@example.com,+1-461-408-6411
TXN-00730,2023-02-11,383.25,Entertainment,Completed,user730@example.com,+1-932-633-7176
TXN-00213,2023-12-10,643.1,Utility,Completed,user213@example.com,+1-985-340-5186
TXN-00969,2023/13/45,493.98,Entertainment,Completed,user969@example.com,+1-614-663-5093
TXN-00165,2023-09-14,644.51,Healthcare,Completed,user165@example.com,+1-664-717-8048
TXN-00424,2023-05-15,645.74,Travel,Completed,user424@example.com,+1-526-447-8642
TXN-00484,2023-12-04,530.52,Grocery,Completed,user484@example.com,+1-430-504-5735
TXN-00313,2023-04-08,623.81,Travel,Completed,user313@example.com,+1-944-823-9647
TXN-00075,2023-07-06,107.04,Healthcare,Pending,user75@example.com,+1-229-247-6314
TXN-00577,2023-05-26,535.34,Grocery,Completed,user577@example.com,+1-393-942-2848
TXN-00192,2023-02-10,628.46,Grocery,Completed,user192@example.com,+1-547-559-1100
TXN-00937,2023-12-18,346.82,Grocery,Completed,user937@example.com,+1-224-438-9872
TXN-00485,2023-04-09,386.55,Travel,Pending,user485@example.com,+1-921-412-9011
TXN-00713,2023-11-26,418.26,Travel,Completed,user713@example.com,+1-540-835-7224
TXN-00278,2023-08-05,409.97,Entertainment,Pending,user278@example.com,+1-358-279-5846
TXN-00100,2023-06-16,464.81,Healthcare,Completed,user100@example.com,+1-843-299-1645
TXN-00337,2023-07-26,376.18,Grocery,Pending,user337@example.com,+1-912-690-3986
TXN-00225,2023-10-29,429.21,Healthcare,Completed,user225@example.com,+1-832-671-6928
TXN-00363,2023-08-23,483.69,Entertainment,Pending,user363@example.com,+1-231-346-8179
TXN-00378,2023-02-05,527.5,Travel,Completed,user378@example.com,+1-404-325-3223
TXN-00244,2023-09-06,,Entertainment,Pending,user244@example.com,+1-481-805-1920
TXN-00826,2023-12-09,718.01,Entertainment,Completed,user826@example.com,+1-612-727-5558
TXN-00009,2023-12-13,429.58,Grocery,Completed,user9@example.com,+1-812-240-8078
TXN-00850,2023-10-12,420.35,Entertainment,Completed,user850@example.com,+1-335-807-4705
TXN-00059,2023-07-05,549.69,Travel,Completed,user59@example.com,+1-707-237-3068
TXN-00237,2023-01-17,196.23,Grocery,Failed,user237@example.com,+1-816-356-2234
TXN-00736,2023-04-25,,Grocery,Completed,user736@example.com,+1-311-987-5067
TXN-00466,2023-07-30,466.85,Utility,Completed,user466@example.com,+1-871-994-4728
TXN-00415,2023-02-17,549.85,Utility,Completed,user415@example.com,+1-694-450-7653
TXN-00266,2023-11-27,312.83,Utility,Completed,user266@example.com,+1-490-458-3463
TXN-00148,2023-05-09,301.93,Healthcare,Failed,user148@example.com,+1-802-531-1258
TXN-00695,2023-01-15,588.97,Entertainment,Completed,user695@example.com,+1-770-768-9395
TXN-00400,2023-10-11,685.67,Healthcare,Completed,user400@example.com,+1-368-365-6286
TXN-00117,2023-03-15,,Travel,Failed,user117@example.com,+1-310-891-4830
TXN-00453,2023-02-22,352.14,Utility,Pending,user453@example.com,+1-239-340-6456
TXN-00765,2023-10-24,672.39,Healthcare,Failed,user765example.com,+1-598-204-4519
TXN-00825,2023-11-09,433.17,Grocery,Completed,user825@example.com,+1-662-277-2525
TXN-00029,2023-08-18,409.9,Travel,Failed,user29@example.com,+1-837-974-9167
TXN-00581,2023-11-14,,Utility,Failed,user581@example.com,+1-303-808-1550
TXN-00744,2023/13/45,503.91,Utility,Pending,user744@example.com,+1-656-583-7408
TXN-00833,2023-09-07,349.38,Grocery,Completed,user833@example.com,12345
TXN-00271,2023-02-25,716.19,Travel,Pending,user271@example.com,+1-858-536-3093
TXN-00747,2023-05-03,,Travel,Failed,user747@example.com,+1-694-307-5840
TXN-00400,2023-10-11,685.67,Healthcare,Completed,user400@example.com,+1-368-365-6286
TXN-00551,2023-12-13,512.99,Healthcare,Pending,user551@example.com,+1-934-797-9008
TXN-00388,2023-12-01,781.43,Healthcare,Completed,user388@example.com,+1-569-767-7044
TXN-00297,2023-04-20,634.94,None,Completed,user297@example.com,+1-928-728-3042
TXN-00184,2023-01-10,572.37,Utility,Failed,user184@example.com,+1-417-358-8900
TXN-00341,2023-10-24,376.67,Healthcare,Completed,user341@example.com,+1-523-517-9444
TXN-00494,2023-07-24,370.81,Utility,Pending,user494@example.com,+1-406-751-5442
TXN-00082,2023-12-26,553.57,Utility,Completed,user82@example.com,+1-709-797-3344
TXN-00504,2023-01-20,584.45,Entertainment,Completed,user504@example.com,+1-688-866-4267
TXN-00985,2023-04-29,,Utility,Completed,user985@example.com,+1-656-352-1567
TXN-00952,2023-09-25,552.81,Grocery,Completed,user952@example.com,+1-522-602-6345
TXN-00426,2023-08-15,705.29,Grocery,Completed,user426@example.com,+1-453-344-2586
TXN-00091,2023-03-25,514.56,Utility,Completed,user91@example.com,+1-442-590-6881
TXN-00584,2023-05-01,840.6,Travel,Completed,user584@example.com,+1-611-649-4839
TXN-00928,2023-05-10,556.58,Grocery,Pending,user928@example.com,+1-676-489-6090
TXN-00789,2023-12-05,489.48,Travel,Completed,user789@example.com,+1-339-399-7290
TXN-00008,2023-02-22,615.12,Grocery,Completed,user8@example.com,+1-705-648-2317
TXN-00539,2023-12-08,650.94,Travel,Completed,user539@example.com,+1-356-665-7121
TXN-00063,2023-02-05,334.05,Healthcare,Completed,user63@example.com,+1-939-347-7717
TXN-00395,2023-02-23,676.92,None,Pending,user395@example.com,+1-660-677-9476
TXN-00930,2023-02-28,490.14,Entertainment,Completed,user930@example.com,+1-208-577-4287
TXN-00153,2023-12-16,398.0,Healthcare,Completed,user153@example.com,+1-725-807-2786
TXN-00001,2023-11-24,574.51,Healthcare,Completed,user1@example.com,+1-757-430-3441
TXN-00139,2023-12-15,622.03,Healthcare,Completed,user139@example.com,+1-328-778-4362
TXN-00669,2023-08-27,9060.0,Utility,Completed,user669@example.com,+1-412-801-3362
TXN-00896,2023-11-02,597.31,Travel,Completed,user896@example.com,+1-800-849-2083
TXN-00550,2023-07-14,409.4,Healthcare,Completed,user550@example.com,+1-652-319-4365
TXN-00925,2023-06-24,,Entertainment,Completed,user925@example.com,+1-322-714-1862
TXN-00380,2023-07-09,378.76,Grocery,Completed,user380@example.com,+1-930-655-2438
TXN-00279,2023-04-04,510.47,Travel,Completed,user279@example.com,+1-303-719-9843
TXN-00862,2023-07-27,272.64,Entertainment,Completed,user862@example.com,12345
TXN-00843,2023-01-06,331.59,Grocery,Completed,user843@example.com,+1-456-284-7092
TXN-00674,2023-07-19,444.28,Grocery,Completed,user674@example.com,+1-593-973-3292
TXN-00975,2023-02-08,433.07,Healthcare,Completed,user975@example.com,+1-796-800-5240
TXN-00066,2023-04-27,,Healthcare,Completed,user66@example.com,+1-838-909-7512
TXN-00866,2023-12-06,441.84,Healthcare,Completed,user866@example.com,+1-343-970-3017
TXN-00238,2023-06-19,527.97,Grocery,Completed,user238@example.com,+1-381-991-9095
TXN-00096,2023-12-19,280.47,Travel,Completed,user96@example.com,+1-493-994-4770
TXN-00339,2023-10-19,561.94,Entertainment,Completed,user339@example.com,+1-237-500-4302
TXN-00327,2023-03-22,673.72,Travel,Completed,user327@example.com,+1-719-767-1333
TXN-00437,2023-01-19,744.29,Travel,Completed,user437@example.com,+1-706-811-8710
TXN-00149,2023-10-11,578.29,Utility,Completed,user149@example.com,+1-378-471-1858
TXN-00445,2023-06-07,304.33,Grocery,Completed,user445@example.com,+1-275-595-9261
TXN-00827,2023-07-14,736.94,Healthcare,Completed,user827@example.com,+1-911-577-8449
TXN-00204,2023-09-28,658.07,Healthcare,Completed,user204@example.com,+1-697-821-8242
TXN-00659,2023-07-16,529.71,Entertainment,Failed,user659@example.com,+1-257-852-1154
TXN-00919,2023-01-07,433.03,Grocery,Completed,user919@example.com,+1-450-247-8729
TXN-00416,2023-11-21,387.73,Grocery,Failed,user416@example.com,+1-504-664-2195
TXN-00949,2023-11-02,493.16,Utility,Completed,user949@example.com,+1-276-806-2020
TXN-00372,2023-10-03,574.7,Utility,Completed,user372@example.com,+1-455-316-1424
TXN-00185,2023-02-27,466.48,Healthcare,Completed,user185@example.com,+1-429-310-6736
TXN-00079,2023-04-18,513.76,Utility,Completed,user79@example.com,+1-779-898-3950
TXN-00555,2023-06-04,550.64,Healthcare,Failed,user555@example.com,+1-777-259-8575
TXN-00731,2023-08-29,,Healthcare,Completed,user731@example.com,+1-275-659-8851
TXN-00459,2023-05-02,416.95,Entertainment,Completed,user459@example.com,+1-721-745-9025
TXN-00530,2023-12-07,364.35,Entertainment,Pending,user530@example.com,+1-537-509-1187
TXN-00773,2023-02-08,594.86,Travel,Completed,user773@example.com,+1-801-316-6700
TXN-00830,2023-09-11,457.73,Grocery,Completed,user830@example.com,+1-948-669-6869
TXN-00220,2023-05-07,512.28,Grocery,Completed,user220@example.com,+1-646-219-8532
TXN-00044,2023-02-19,454.83,Travel,Completed,user44@example.com,+1-964-339-2143
TXN-00004,2023-05-21,728.45,Travel,Completed,user4@example.com,+1-809-966-5728
TXN-00777,2023-05-05,390.93,Entertainment,Completed,user777@example.com,+1-888-337-6131
TXN-00036,2023-06-24,316.87,Travel,Completed,user36@example.com,12345
TXN-00501,2023-04-02,638.93,Grocery,Completed,user501@example.com,+1-302-897-3252
TXN-00627,2023-11-01,351.56,Healthcare,Completed,user627@example.com,+1-537-435-7223
TXN-00663,2023-04-20,495.09,Utility,Completed,user663@example.com,+1-243-435-4463
TXN-00717,2023-04-04,517.13,Entertainment,Failed,user717@example.com,+1-690-521-3910
TXN-00978,2023-07-29,,Healthcare,Completed,user978@example.com,+1-331-294-6432
TXN-00728,2023-08-04,552.14,Entertainment,Completed,user728@example.com,+1-342-848-5961
TXN-00391,2023-12-08,365.24,Healthcare,Completed,user391@example.com,+1-516-607-8842
TXN-00080,2023-12-10,201.86,Entertainment,Completed,user80@example.com,+1-374-379-2293
TXN-00631,2023-09-16,246.13,None,Completed,user631@example.com,+1-940-857-9037
TXN-00164,2023-05-15,376.9,Entertainment,Pending,user164@example.com,+1-811-743-5831
TXN-00885,2023-06-11,602.28,Grocery,Pending,user885@example.com,+1-217-801-2106
TXN-00421,2023-06-20,809.11,Utility,Completed,user421@example.com,+1-935-526-6658
TXN-00048,2023-05-16,658.57,Healthcare,Completed,user48@example.com,+1-801-793-9022
TXN-00609,2023/13/45,233.19,Travel,Completed,user609@example.com,+1-274-392-4555
TXN-00105,2023-07-25,475.81,Grocery,Completed,user105@example.com,+1-405-335-9837
TXN-00056,2023-05-31,639.69,Grocery,Pending,user56@example.com,+1-525-962-8749
TXN-00101,2023-01-29,287.69,Travel,Pending,user101@example.com,+1-516-651-1546
TXN-00724,2023-06-17,611.49,Utility,Completed,user724@example.com,+1-898-986-1440
TXN-00210,2023-04-13,1077.91,Grocery,Completed,user210@example.com,+1-246-425-7475
TXN-00534,2023-12-06,318.35,Utility,Completed,user534@example.com,+1-514-363-7642
TXN-00127,2023-07-24,351.42,Travel,Completed,user127@example.com,12345
TXN-00749,2023-08-31,408.27,Grocery,Completed,user749@example.com,+1-947-345-6707
TXN-00233,2023-11-20,,Grocery,Completed,user233@example.com,+1-994-557-6752
TXN-00072,2023-05-23,730.71,Utility,Completed,user72@example.com,+1-432-964-2480
TXN-00340,2023-05-07,415.44,Travel,Completed,user340@example.com,+1-244-404-1686
TXN-00050,2023-08-24,235.54,Entertainment,Completed,user50@example.com,+1-695-553-6446
TXN-00543,2023-12-23,579.47,Entertainment,Completed,user543@example.com,+1-896-972-2341
TXN-00064,2023-01-24,320.57,Healthcare,Completed,user64@example.com,+1-870-358-2225
TXN-00839,2023-11-02,647.65,Entertainment,Completed,user839@example.com,+1-651-667-1011
TXN-00916,2023-11-23,541.85,Utility,Pending,user916@example.com,+1-787-890-2889
TXN-00281,2023-08-25,517.03,Entertainment,Pending,user281@example.com,+1-877-544-3147
TXN-00554,2023-10-19,538.16,Healthcare,Completed,user554@example.com,+1-725-625-8484
TXN-00211,2023-06-09,585.63,Utility,Completed,user211@example.com,+1-813-256-1125
TXN-00498,2023/13/45,471.45,Travel,Completed,user498@example.com,+1-431-853-4814
TXN-00587,2023-04-26,431.1,Travel,Completed,user587@example.com,12345
TXN-00876,2023-06-30,769.18,Grocery,Completed,user876@example.com,+1-502-861-1894
TXN-00335,2023-12-12,646.27,Travel,Completed,user335example.com,+1-759-546-3868
TXN-00207,2023-04-19,577.26,Entertainment,Completed,user207@example.com,+1-553-640-2816
TXN-00417,2023-08-05,732.67,Entertainment,Completed,user417@example.com,+1-905-261-3589
TXN-00406,2023-06-25,593.43,Travel,Pending,user406@example.com,+1-714-856-3762
TXN-00187,2023-06-07,570.99,Travel,Completed,user187@example.com,+1-980-485-4705
TXN-00015,2023-01-16,241.26,Entertainment,Completed,user15@example.com,+1-681-731-8245
TXN-00892,2023-09-05,8594.0,Healthcare,Completed,user892@example.com,+1-830-356-5546
TXN-00215,2023-07-11,452.71,Grocery,Completed,user215@example.com,+1-207-709-8055
TXN-00652,2023-06-21,668.98,Healthcare,Completed,user652@example.com,+1-458-562-5379
TXN-00230,2023-01-04,601.94,Utility,Completed,user230@example.com,+1-426-541-3754
TXN-00710,2023-12-06,754.47,Healthcare,Completed,user710@example.com,12345
TXN-00613,2023-04-01,,Grocery,Pending,user613@example.com,+1-964-972-8846
TXN-00958,2023-08-08,,Travel,Completed,user958@example.com,+1-616-323-9780
TXN-00083,2023-12-16,721.68,Travel,Completed,user83@example.com,+1-437-672-5161
TXN-00038,2023-03-21,206.05,Travel,Completed,user38@example.com,+1-672-320-3522
TXN-00212,2023-07-24,670.33,Healthcare,Completed,user212@example.com,+1-409-508-4460
TXN-00090,2023-05-06,576.99,Entertainment,Pending,user90@example.com,+1-593-694-2747
TXN-00990,2023-08-21,504.03,Grocery,Completed,user990@example.com,+1-592-340-7868
TXN-00030,2023-10-29,456.25,Grocery,Pending,user30@example.com,+1-840-652-1845
TXN-00262,2023-08-28,491.07,Utility,Completed,user262@example.com,+1-895-812-1857
TXN-00490,2023-05-23,632.25,Entertainment,Completed,user490@example.com,+1-991-349-5758
TXN-00523,2023-10-03,400.61,Travel,Completed,user523@example.com,+1-379-825-7643
TXN-00890,2023-04-09,666.31,Healthcare,Completed,user890@example.com,+1-918-611-2350
TXN-00880,2023-06-06,678.26,Healthcare,Completed,user880@example.com,+1-740-212-6916
TXN-00805,2023-08-11,434.83,Utility,Pending,user805@example.com,+1-304-953-5055
TXN-00781,2023-12-17,526.66,Healthcare,Completed,user781@example.com,+1-597-628-3258
TXN-00507,2023-08-11,411.14,None,Completed,user507@example.com,+1-987-291-4804
TXN-00964,2023-02-20,ONE HUNDRED,Utility,Completed,user964@example.com,+1-420-535-3430
TXN-00594,2023-11-09,550.05,Travel,Completed,user594@example.com,+1-769-707-1768
TXN-00214,2023-11-29,597.71,Utility,Completed,user214@example.com,+1-496-535-2965
TXN-00329,2023-09-18,593.62,Grocery,Completed,user329@example.com,+1-850-596-7116
TXN-00035,2023-08-05,623.38,Healthcare,Completed,user35@example.com,+1-926-362-6091
TXN-00775,2023-12-20,593.27,Healthcare,Completed,user775@example.com,+1-889-922-5873
TXN-00860,2023-05-31,594.94,Entertainment,Failed,user860@example.com,+1-270-743-1138
TXN-00970,2023-02-11,285.38,Utility,Pending,user970@example.com,+1-296-673-2669
TXN-00450,2023-12-16,341.12,Travel,Pending,user450@example.com,+1-973-347-4261
TXN-00382,2023-03-22,410.09,Healthcare,Completed,user382@example.com,+1-926-266-9882
TXN-00393,2023-06-03,301.97,Grocery,Completed,user393@example.com,+1-788-275-3053
TXN-00359,2023-03-09,548.41,Grocery,Completed,user359@example.com,+1-944-561-8126
TXN-00195,2023-02-05,525.98,Utility,Pending,user195@example.com,+1-293-964-9691
TXN-00561,2023-04-18,543.47,Travel,Completed,user561@example.com,+1-261-270-8734
TXN-00471,2023-12-26,458.74,Healthcare,Pending,user471@example.com,+1-395-219-8225
TXN-00156,2023-11-25,392.85,Grocery,Completed,user156@example.com,+1-508-669-1510
TXN-00959,2023-06-06,585.47,Travel,Completed,user959@example.com,+1-566-988-4401
TXN-00529,2023-02-05,538.96,Entertainment,Completed,user529@example.com,+1-657-971-5374
TXN-00259,2023-07-01,566.57,Entertainment,Pending,user259@example.com,+1-824-362-6962
TXN-00219,2023-03-03,427.2,Travel,Pending,user219@example.com,+1-273-606-1693
TXN-00904,2023-06-04,691.77,Utility,Failed,user904@example.com,+1-708-555-9568
TXN-00477,2023-04-13,586.48,None,Completed,user477@example.com,+1-412-774-6325
TXN-00917,2023-09-09,591.18,Utility,Failed,user917@example.com,+1-433-958-9336
TXN-00455,2023-10-14,420.46,Utility,Completed,user455@example.com,+1-352-820-9446
TXN-00942,2023-06-05,630.87,Grocery,Completed,user942@example.com,+1-443-629-9061
TXN-00182,2023-06-15,371.43,Healthcare,Completed,user182@example.com,+1-814-519-6761
TXN-00675,2023-10-27,288.87,Grocery,Completed,user675@example.com,+1-905-941-2284
TXN-00033,2023-03-23,,Utility,Completed,user33@example.com,+1-915-696-2989
TXN-00644,2023-11-17,274.53,Travel,Completed,user644@example.com,+1-206-744-7739
TXN-00190,2023-05-04,272.77,Travel,Completed,user190@example.com,+1-229-384-5477
TXN-00641,2023-05-22,449.63,Grocery,Completed,user641@example.com,+1-666-582-1990
TXN-00664,2023-02-02,418.49,Healthcare,Pending,user664@example.com,+1-908-780-8790
TXN-00291,2023-02-17,468.78,Entertainment,Completed,user291@example.com,+1-672-987-5616
TXN-00354,2023-12-09,476.01,Travel,Completed,user354@example.com,+1-305-281-6372
TXN-00312,2023-03-21,664.82,Utility,Completed,user312@example.com,12345
TXN-00847,2023-05-04,543.38,Utility,Completed,user847@example.com,+1-639-871-2494
TXN-00992,2023-12-18,,Healthcare,Pending,user992@example.com,+1-455-845-9907
TXN-00895,2023-09-26,707.32,Grocery,Completed,user895@example.com,+1-749-534-7401
TXN-00367,2023-08-23,533.61,Grocery,Failed,user367@example.com,+1-819-357-8371
TXN-00086,2023-11-08,424.74,Travel,Failed,user86@example.com,+1-361-275-8237
TXN-00067,2023-05-29,489.2,Utility,Completed,user67@example.com,+1-865-282-6383
TXN-00634,2023-08-17,435.97,Travel,Completed,user634@example.com,+1-700-388-9882
TXN-00131,2023-09-18,ONE HUNDRED,Grocery,Completed,user131@example.com,+1-422-654-8285
TXN-00366,2023-01-05,439.82,Utility,Completed,user366@example.com,+1-570-592-1530
TXN-00427,2023-10-10,355.26,Utility,Completed,user427@example.com,+1-251-497-7293
TXN-00292,2023-05-02,426.05,Utility,Completed,user292@example.com,+1-996-591-9239
TXN-00143,2023-07-17,258.88,None,Completed,user143@example.com,+1-810-202-5542
TXN-00074,2023-11-22,734.7,Utility,Completed,user74@example.com,+1-654-370-5906
TXN-00414,2023-01-27,691.65,Healthcare,Pending,user414@example.com,+1-496-857-5949
TXN-00176,2023-07-11,624.08,Grocery,Pending,user176@example.com,+1-962-956-7105
TXN-00336,2023-05-01,477.94,Utility,Completed,user336@example.com,+1-997-901-8612
TXN-00720,2023-07-14,491.46,Healthcare,Completed,user720@example.com,+1-789-448-6339
TXN-00425,2023-03-24,596.81,Travel,Failed,user425@example.com,+1-325-473-8366
TXN-00871,2023-09-29,473.46,Healthcare,Completed,user871@example.com,+1-766-815-5668
TXN-00712,2023-02-12,485.49,Utility,Completed,user712@example.com,+1-511-206-7483
TXN-00126,2023-10-26,828.57,Grocery,Completed,user126@example.com,+1-579-886-9850
TXN-00981,2023-11-01,617.87,Healthcare,Completed,user981@example.com,+1-941-604-9128
TXN-00010,2023-10-07,581.38,Utility,Completed,user10@example.com,+1-952-530-5102
TXN-00605,2023-05-05,562.02,Travel,Pending,user605@example.com,+1-862-280-8369
TXN-00956,2023-06-02,667.59,Grocery,Completed,user956@example.com,+1-359-308-3693
TXN-00748,2023-03-06,386.69,Entertainment,Completed,user748@example.com,+1-625-287-2901
TXN-00375,2023-05-16,822.98,Utility,Completed,user375@example.com,+1-468-993-5264
TXN-00089,2023-10-01,420.54,Grocery,Completed,user89@example.com,+1-667-509-4263
TXN-00957,2023-10-29,551.41,Utility,Completed,user957@example.com,+1-660-677-6145
TXN-00398,2023-03-01,703.08,Travel,Completed,user398@example.com,+1-714-256-3034
TXN-00705,2023-10-01,266.51,Grocery,Completed,user705@example.com,+1-474-704-3390
TXN-00999,2023-08-06,414.32,Entertainment,Completed,user999@example.com,+1-997-487-1959
TXN-00790,2023-07-09,250.86,Travel,Completed,user790@example.com,+1-775-717-9109
TXN-00835,2023-07-01,494.8,Healthcare,Completed,user835@example.com,+1-791-333-8951
TXN-00693,2023-08-12,337.84,Grocery,Completed,user693@example.com,+1-304-335-2430
TXN-00740,2023-01-21,14568.0,Healthcare,Completed,user740@example.com,+1-970-539-8052
TXN-00422,2023-03-08,763.3,Healthcare,Completed,user422@example.com,+1-608-333-7070
TXN-00688,2023-11-05,443.78,Utility,Completed,user688@example.com,+1-589-928-3527
TXN-00873,2023-08-06,293.1,Healthcare,Completed,user873@example.com,+1-874-508-4366
TXN-00073,2023-08-21,494.63,Travel,Completed,user73@example.com,+1-644-300-2646
TXN-00512,2023-09-19,492.46,Utility,Completed,user512@example.com,+1-238-209-5888
TXN-00965,2023-04-17,486.54,Entertainment,Completed,user965@example.com,+1-293-928-5066
TXN-00442,2023-08-09,495.1,Travel,Failed,user442@example.com,+1-246-610-1838
TXN-00307,2023-08-05,691.65,Healthcare,Pending,user307@example.com,+1-349-340-1627
TXN-00218,2023-08-20,464.48,Grocery,Completed,user218@example.com,+1-712-772-6802
TXN-00780,2023-06-04,7615.0,Utility,Completed,user780@example.com,+1-910-344-9369
TXN-00881,2023-05-09,879.04,Healthcare,Completed,user881@example.com,+1-524-335-7337
TXN-00752,2023-10-16,297.25,Utility,Completed,user752@example.com,+1-556-687-2599
TXN-00888,2023-12-20,446.11,Healthcare,Completed,user888@example.com,+1-718-493-9209
TXN-00446,2023-07-06,600.45,Travel,Completed,user446@example.com,+1-661-982-5582
TXN-00779,2023-12-23,488.83,Travel,Pending,user779@example.com,+1-319-387-7116
TXN-00024,2023-11-29,286.29,Utility,Completed,user24@example.com,+1-458-531-2899
TXN-00135,2023-02-26,362.09,Grocery,Completed,user135@example.com,+1-607-482-4109
TXN-00091,2023-03-25,514.56,Utility,Completed,user91@example.com,+1-442-590-6881
TXN-00630,2023-11-10,664.13,Entertainment,Completed,user630@example.com,+1-463-981-9005
TXN-00328,2023-01-30,,Healthcare,Completed,user328@example.com,+1-599-681-1713
TXN-00107,2023-02-03,782.93,Grocery,Completed,user107@example.com,+1-479-368-5210
TXN-00833,2023-09-07,349.38,Grocery,Completed,user833@example.com,+1-706-474-6289
TXN-00883,2023-03-03,426.58,Grocery,Completed,user883@example.com,+1-759-899-3830
TXN-00355,2023-06-10,497.15,Grocery,Pending,user355@example.com,+1-876-502-6021
TXN-00811,2023-10-03,471.97,Grocery,Completed,user811@example.com,+1-369-830-3281
TXN-00824,2023/13/45,445.57,Healthcare,Completed,user824@example.com,+1-842-624-7146
TXN-00672,2023-04-16,188.99,Healthcare,Pending,user672@example.com,+1-777-446-7375
TXN-00206,2023-08-05,359.33,Grocery,Pending,user206@example.com,+1-973-724-2864
TXN-00275,2023-10-02,352.77,Utility,Completed,user275@example.com,+1-571-516-3953
TXN-00962,2023-01-31,,Utility,Completed,user962@example.com,+1-361-902-5984
TXN-00983,2023/13/45,354.95,Travel,Completed,user983@example.com,+1-376-562-4517
TXN-00656,2023-03-12,,Entertainment,Pending,user656@example.com,+1-900-282-1519
TXN-00593,2023/13/45,571.85,Entertainment,Completed,user593@example.com,+1-841-895-7999
TXN-00305,2023-08-21,496.86,Grocery,Completed,user305@example.com,+1-583-429-1461
TXN-00759,2023-11-07,371.25,Entertainment,Completed,user759@example.com,+1-538-773-7985
TXN-00911,2023/13/45,453.83,Entertainment,Pending,user911@example.com,+1-929-790-2262
TXN-00950,2023-11-13,536.5,Entertainment,Completed,user950@example.com,+1-645-878-3141
TXN-00652,2023-06-21,668.98,Healthcare,Completed,user652example.com,+1-458-562-5379
TXN-00784,2023-10-17,591.59,Healthcare,Completed,user784@example.com,+1-910-860-3838
TXN-00331,2023-04-06,498.16,Grocery,Completed,user331@example.com,+1-565-269-6649
TXN-00897,2023-05-25,474.93,Healthcare,Completed,user897@example.com,+1-517-915-8167
TXN-00863,2023-12-21,732.13,Travel,Completed,user863@example.com,+1-843-966-3480
TXN-00814,2023-08-12,529.48,Healthcare,Completed,user814@example.com,+1-487-811-9827
TXN-00276,2023-08-18,569.32,Healthcare,Completed,user276@example.com,+1-419-549-8967
TXN-00769,2023-12-13,405.95,Healthcare,Completed,user769@example.com,+1-401-668-2867
TXN-00948,2023-11-07,396.21,Healthcare,Pending,user948@example.com,+1-336-852-7461
TXN-00679,2023-07-14,640.35,Utility,Completed,user679@example.com,+1-819-987-7499
TXN-00887,2023-10-02,587.59,Travel,Completed,user887@example.com,+1-240-261-7520
TXN-00322,2023-01-26,589.27,Healthcare,Completed,user322@example.com,+1-639-201-6780
TXN-00438,2023-07-09,292.98,Healthcare,Completed,user438@example.com,+1-492-749-1133
TXN-00711,2023-01-14,531.65,Grocery,Pending,user711@example.com,+1-668-309-3219
TXN-00229,2023-04-23,392.7,Entertainment,Completed,user229@example.com,+1-517-963-6562
TXN-00361,2023-11-27,,Grocery,Completed,user361@example.com,+1-276-887-7655
TXN-00702,2023-08-28,657.35,Travel,Failed,user702@example.com,+1-785-733-3778
TXN-00387,2023-11-10,551.26,Travel,Completed,user387@example.com,+1-442-705-1430
TXN-00102,2023-04-28,436.9,Grocery,Completed,user102@example.com,+1-793-573-3153
TXN-00467,2023-12-09,592.13,Healthcare,Completed,user467@example.com,+1-938-252-8871
TXN-00500,2023-05-14,292.58,Healthcare,Completed,user500@example.com,+1-538-934-8739
TXN-00987,2023-12-28,725.51,Utility,Completed,user987@example.com,+1-862-502-9173
TXN-00923,2023-09-03,519.95,None,Completed,user923@example.com,+1-626-937-6241
TXN-00758,2023-03-27,527.73,Entertainment,Failed,user758@example.com,+1-728-378-3623
TXN-00643,2023-09-06,461.06,Grocery,Completed,user643@example.com,+1-875-699-1257
TXN-00202,2023-03-26,584.12,Entertainment,Completed,user202@example.com,+1-890-283-5458
TXN-00060,2023-10-23,646.33,Healthcare,Pending,user60@example.com,+1-714-804-6439
TXN-00692,2023-05-20,673.9,Utility,Completed,user692@example.com,+1-568-979-5419
TXN-00921,2023-05-26,661.04,Utility,Completed,user921@example.com,+1-383-236-7870
TXN-00837,2023-06-24,732.58,Entertainment,Failed,user837@example.com,+1-247-301-8529
TXN-00722,2023-04-19,,Travel,Completed,user722@example.com,+1-573-316-4273
TXN-00649,2023-05-27,465.36,Healthcare,Completed,user649@example.com,+1-383-309-2578
TXN-00242,2023-05-23,482.79,Utility,Pending,user242@example.com,+1-650-269-8682
TXN-00801,2023-11-22,640.74,Travel,Completed,user801@example.com,+1-993-756-7010
TXN-00154,2023-10-02,534.84,Utility,Completed,user154@example.com,+1-662-715-4629
TXN-00171,2023-11-24,366.57,Entertainment,Completed,user171@example.com,+1-520-637-6120
TXN-00757,2023-07-08,574.0,Travel,Completed,user757@example.com,+1-893-368-4996
TXN-00364,2023-06-11,560.26,Healthcare,Completed,user364example.com,+1-235-329-2101
TXN-00174,2023-04-12,551.17,Utility,Completed,user174@example.com,+1-268-293-2398
TXN-00428,2023-12-28,602.91,Grocery,Completed,user428@example.com,+1-830-628-5067
TXN-00995,2023-11-17,349.76,Healthcare,Completed,user995@example.com,+1-552-779-9231
TXN-00482,2023-04-25,356.67,Entertainment,Completed,user482@example.com,+1-824-695-4150
TXN-00486,2023-07-24,286.66,Entertainment,Completed,user486@example.com,+1-524-691-6714
TXN-00667,2023-06-19,461.75,None,Completed,user667example.com,+1-777-873-1539
TXN-00572,2023-09-19,751.47,Travel,Completed,user572@example.com,+1-974-223-5888
TXN-00595,2023-02-07,655.63,Healthcare,Pending,user595@example.com,+1-552-858-7244
TXN-00647,2023-08-14,95.47,Grocery,Completed,user647@example.com,+1-493-217-9228
TXN-00404,2023-11-06,507.05,Healthcare,Completed,user404@example.com,+1-328-840-5961
TXN-00441,2023-03-17,557.61,Grocery,Completed,user441@example.com,+1-982-612-6995
TXN-00248,2023-10-20,402.0,Grocery,Completed,user248@example.com,+1-493-278-2479
TXN-00346,2023-08-03,534.81,Utility,Completed,user346@example.com,+1-327-576-8159
TXN-00368,2023-11-15,501.89,Travel,Completed,user368@example.com,+1-579-580-8273
TXN-00891,2023-04-21,623.07,Entertainment,Pending,user891@example.com,+1-855-749-9808
TXN-00267,2023-02-20,744.86,Grocery,Completed,user267@example.com,+1-541-283-3317
TXN-00205,2023-11-07,293.35,Grocery,Completed,user205@example.com,+1-624-479-4531
TXN-00800,2023-07-05,504.46,Entertainment,Pending,user800@example.com,12345
TXN-00861,2023-04-24,,Utility,Completed,user861@example.com,+1-824-865-3688
TXN-00429,2023-08-07,658.76,Healthcare,Pending,user429@example.com,+1-363-535-6123
TXN-00488,2023-05-23,337.77,Entertainment,Completed,user488@example.com,+1-494-324-9899
TXN-00734,2023-01-27,244.61,Travel,Completed,user734@example.com,+1-756-237-6890
TXN-00929,2023-09-02,734.83,Entertainment,Completed,user929@example.com,+1-535-288-8483
TXN-00253,2023-07-28,818.32,Utility,Completed,user253@example.com,+1-713-354-2013
TXN-00716,2023-08-25,665.5,Healthcare,Failed,user716@example.com,+1-507-528-4290
TXN-00776,2023-11-18,264.47,Entertainment,Completed,user776example.com,+1-829-804-2388
TXN-00108,2023-04-19,526.19,Grocery,Completed,user108@example.com,+1-693-502-6549
TXN-00055,2023-10-10,654.65,Healthcare,Failed,user55@example.com,+1-994-620-1715
TXN-00136,2023-03-20,732.49,Entertainment,Completed,user136@example.com,+1-325-665-2501
TXN-00443,2023-03-07,ONE HUNDRED,Healthcare,Completed,user443@example.com,+1-783-775-4189
TXN-00611,2023-08-06,598.15,Travel,Completed,user611@example.com,+1-510-215-4470
TXN-00300,2023-03-26,594.44,Entertainment,Completed,user300@example.com,+1-350-647-2502
TXN-00741,2023-01-16,223.87,Grocery,Completed,user741@example.com,+1-308-210-2615
TXN-00344,2023-11-14,423.96,Healthcare,Completed,user344@example.com,+1-492-565-1783
TXN-00971,2023-03-22,519.22,Entertainment,Completed,user971@example.com,+1-343-324-1195
TXN-00411,2023-09-16,606.74,Utility,Completed,user411@example.com,+1-866-415-7825
TXN-00633,2023-10-08,476.3,Healthcare,Completed,user633@example.com,+1-373-343-9954
TXN-00835,2023-07-01,494.8,Healthcare,Completed,user835@example.com,+1-791-333-8951
TXN-00451,2023-05-08,490.6,Healthcare,Pending,user451@example.com,12345
TXN-00431,2023/13/45,322.51,Healthcare,Pending,user431@example.com,+1-710-727-8648
TXN-00690,2023-09-07,566.64,Utility,Completed,user690@example.com,+1-569-309-2499
TXN-00865,2023-06-06,408.08,Travel,Pending,user865@example.com,+1-422-288-2646
TXN-00893,2023-05-22,660.0,Utility,Completed,user893@example.com,+1-285-517-2294
TXN-00853,2023-09-01,404.39,Grocery,Pending,user853@example.com,+1-323-632-3165
TXN-00247,2023-03-09,428.76,Grocery,Pending,user247@example.com,+1-238-258-7041
TXN-00316,2023-01-30,503.15,Travel,Pending,user316@example.com,+1-248-444-7878
TXN-00109,2023-10-18,538.63,Healthcare,Completed,user109@example.com,+1-317-679-2233
TXN-00651,2023-05-20,777.34,Utility,Completed,user651@example.com,+1-396-834-9625
TXN-00955,2023-08-15,487.68,Utility,Completed,user955@example.com,+1-339-998-2785
TXN-00470,2023-03-23,413.63,Entertainment,Completed,user470@example.com,+1-232-786-2800
TXN-00065,2023-12-05,621.88,Healthcare,Completed,user65@example.com,+1-680-471-6546
TXN-00997,2023-12-05,769.65,Healthcare,Completed,user997@example.com,+1-384-226-6224
TXN-00401,2023-03-21,260.84,Utility,Completed,user401@example.com,+1-926-430-6669
TXN-00918,2023-02-22,527.99,Healthcare,Completed,user918@example.com,+1-202-245-1201
TXN-00002,2023-02-27,479.26,Grocery,Completed,user2@example.com,+1-472-345-2169
TXN-00783,2023-03-03,557.03,Healthcare,Pending,user783@example.com,+1-390-698-9804
TXN-00326,2023-09-29,,Travel,Completed,user326@example.com,+1-738-757-9312
TXN-00519,2023-12-29,514.9,Healthcare,Completed,user519@example.com,12345
TXN-00298,2023-07-25,546.09,Travel,Completed,user298@example.com,+1-491-285-3626
TXN-00167,2023-09-17,623.31,Healthcare,Completed,user167@example.com,+1-870-866-4522
TXN-00099,2023-12-17,500.77,Grocery,Pending,user99@example.com,+1-894-973-3240
TXN-00666,2023-07-28,515.96,Grocery,Completed,user666@example.com,+1-900-487-9897
TXN-00901,2023-04-27,555.3,Entertainment,Completed,user901@example.com,+1-516-882-3877
TXN-00856,2023-09-09,414.39,Entertainment,Completed,user856@example.com,+1-305-520-7022
TXN-00120,2023-05-07,612.79,Entertainment,Failed,user120@example.com,+1-850-675-5951
TXN-00162,2023-08-21,618.06,Grocery,Completed,user162@example.com,+1-329-481-9984
TXN-00452,2023-12-08,643.27,Grocery,Pending,user452@example.com,+1-712-241-1742
TXN-00636,2023-09-01,251.77,Travel,Completed,user636@example.com,+1-234-276-1794
TXN-00926,2023-04-05,271.52,Utility,Pending,user926@example.com,+1-383-428-9450
TXN-00384,2023-10-06,421.14,Healthcare,Completed,user384@example.com,+1-928-926-3852
TXN-00251,2023-05-05,310.87,Entertainment,Completed,user251@example.com,+1-660-785-4084
TXN-00570,2023-12-12,447.27,Utility,Completed,user570@example.com,+1-602-741-3086
TXN-00188,2023-05-03,489.08,Grocery,Failed,user188@example.com,+1-639-774-1430
TXN-00927,2023-01-27,ONE HUNDRED,Travel,Completed,user927@example.com,+1-247-610-2129
TXN-00473,2023-07-15,272.72,Healthcare,Completed,user473@example.com,+1-622-907-4340
TXN-00548,2023-08-04,469.54,Healthcare,Completed,user548@example.com,+1-786-749-3455
TXN-00111,2023-04-19,212.18,Entertainment,Completed,user111@example.com,+1-892-941-7511
TXN-00967,2023-04-19,398.54,Healthcare,Completed,user967@example.com,+1-250-893-5896
TXN-00499,2023-03-01,368.66,Grocery,Completed,user499@example.com,+1-253-302-7771
TXN-00394,2023-12-06,774.72,Grocery,Failed,user394@example.com,+1-524-857-2215
TXN-00310,2023-12-05,,Entertainment,Completed,user310@example.com,+1-659-830-1086
TXN-00277,2023-03-13,529.86,Entertainment,Pending,user277@example.com,+1-396-431-3253
TXN-00146,2023-08-28,,Entertainment,Completed,user146@example.com,+1-876-226-3159
TXN-00124,2023-10-27,289.72,Healthcare,Failed,user124@example.com,+1-299-440-9807
TXN-00128,2023-07-05,415.06,Healthcare,Completed,user128@example.com,+1-624-870-2622
TXN-00152,2023-02-28,551.97,Travel,Completed,user152@example.com,+1-687-659-6931
TXN-00733,2023-10-04,561.24,Entertainment,Pending,user733@example.com,+1-718-908-7853
TXN-00243,2023-12-09,575.75,Travel,Completed,user243@example.com,+1-652-846-5961
TXN-00352,2023/13/45,721.3,Grocery,Completed,user352@example.com,+1-280-640-3956
TXN-00444,2023-01-22,486.63,Utility,Completed,user444@example.com,+1-571-766-5728
TXN-00005,2023-05-06,464.88,Entertainment,Completed,user5@example.com,+1-649-327-8679
TXN-00118,2023-05-16,324.7,Entertainment,Completed,user118@example.com,+1-682-225-6374
TXN-00461,2023-04-01,794.71,Grocery,Completed,user461@example.com,+1-686-217-7035
TXN-00516,2023-04-08,613.31,Travel,Completed,user516@example.com,+1-705-337-9261
TXN-00772,2023-04-12,6640.0,Utility,Completed,user772@example.com,+1-811-597-7431
TXN-00493,2023-09-18,511.61,Utility,Completed,user493@example.com,+1-965-690-4505
TXN-00314,2023-06-01,622.03,Grocery,Completed,user314@example.com,+1-633-313-5720
TXN-00764,2023-02-25,485.59,Healthcare,Pending,user764@example.com,+1-660-806-8037
TXN-00193,2023-02-13,532.11,Utility,Completed,user193@example.com,+1-385-346-7566
TXN-00227,2023-04-28,509.64,None,Pending,user227@example.com,+1-449-646-7560
TXN-00370,2023-02-21,384.05,Grocery,Completed,user370@example.com,+1-742-575-7521
TXN-00358,2023-07-22,456.7,Utility,Completed,user358@example.com,+1-559-657-1693
TXN-00377,2023-06-28,630.85,Utility,Completed,user377@example.com,+1-826-492-9047
TXN-00353,2023-04-15,,Utility,Completed,user353@example.com,+1-758-500-6262
TXN-00255,2023-02-18,272.09,Entertainment,Completed,user255@example.com,+1-931-286-9266
TXN-00151,2023-12-15,537.57,Grocery,Pending,user151@example.com,+1-738-316-2041
TXN-00268,2023-02-01,285.48,Healthcare,Completed,user268@example.com,+1-558-517-7421
TXN-00432,2023-02-27,194.12,Healthcare,Completed,user432@example.com,+1-710-515-9148
TXN-00910,2023-01-24,824.49,Grocery,Completed,user910@example.com,+1-736-265-5308
TXN-00857,2023-08-18,375.15,Travel,Completed,user857@example.com,+1-506-340-7270
TXN-00427,2023-10-10,355.26,Utility,Completed,user427@example.com,+1-251-497-7293
TXN-00413,2023-05-09,269.88,Utility,Completed,user413@example.com,+1-709-842-9938
TXN-00743,2023-04-13,406.28,Utility,Completed,user743@example.com,+1-964-731-4621
TXN-00209,2023-12-20,577.26,Travel,Pending,user209@example.com,+1-739-883-6053
TXN-00290,2023-01-08,406.6,Travel,Completed,user290@example.com,+1-576-894-8218
TXN-00792,2023-09-17,531.15,Healthcare,Completed,user792@example.com,+1-625-927-8272
TXN-00691,2023-04-23,445.86,Grocery,Pending,user691@example.com,+1-205-515-8286
TXN-00721,2023-06-17,546.17,Travel,Completed,user721@example.com,+1-585-487-7437
TXN-00771,2023-07-23,ONE HUNDRED,Grocery,Completed,user771@example.com,+1-740-854-6134
TXN-00178,2023-10-04,718.03,Utility,Completed,user178@example.com,+1-800-775-6400
TXN-00756,2023-05-12,894.86,Utility,Completed,user756@example.com,+1-223-551-2791
TXN-00547,2023-04-09,9366.0,Entertainment,Completed,user547@example.com,+1-760-717-4312
TXN-00053,2023-07-13,398.46,Travel,Completed,user53@example.com,+1-393-914-4912
TXN-00785,2023-01-22,583.97,Utility,Completed,user785@example.com,+1-768-370-9022
TXN-00578,2023-09-21,615.63,Travel,Pending,user578@example.com,+1-232-876-7868
TXN-00755,2023-12-25,357.59,Grocery,Completed,user755@example.com,+1-245-927-2885
TXN-00753,2023-04-22,353.62,Utility,Completed,user753@example.com,+1-648-939-8412
TXN-00797,2023-09-08,,Grocery,Pending,user797@example.com,+1-372-999-8492
TXN-00138,2023-03-23,451.69,Travel,Pending,user138@example.com,+1-251-541-4990
TXN-00719,2023-05-14,445.46,Grocery,Pending,user719@example.com,+1-952-911-9044
TXN-00924,2023-08-14,394.98,Travel,Completed,user924@example.com,+1-477-279-7108
TXN-00549,2023-12-07,555.67,Grocery,Completed,user549@example.com,+1-368-535-9525
TXN-00939,2023-03-19,536.57,None,Completed,user939@example.com,+1-543-201-7164
TXN-00574,2023-03-28,467.13,Utility,Completed,user574@example.com,+1-634-744-7214
TXN-00469,2023-05-17,420.42,Entertainment,Completed,user469example.com,12345
TXN-00564,2023-11-07,451.1,Entertainment,Completed,user564@example.com,+1-984-856-7887
TXN-00799,2023-08-10,504.25,Travel,Completed,user799@example.com,+1-762-723-2854
TXN-00868,2023-07-08,550.17,Travel,Pending,user868@example.com,+1-559-639-6152
TXN-00834,2023-04-19,384.83,None,Completed,user834@example.com,+1-490-545-9967
TXN-00264,2023-12-11,346.34,Travel,Completed,user264@example.com,+1-267-537-2548
TXN-00522,2023-09-24,581.5,Utility,Completed,user522@example.com,+1-781-890-4164
TXN-00396,2023-03-10,429.62,Grocery,Completed,user396@example.com,+1-552-331-3981
TXN-00081,2023-05-17,467.05,Entertainment,Completed,user81@example.com,+1-824-591-4945
TXN-00246,2023-10-04,449.82,Travel,Completed,user246@example.com,+1-517-672-8404
TXN-00807,2023-09-25,533.32,Entertainment,Completed,user807@example.com,+1-469-556-2425
TXN-00106,2023-05-18,560.61,Entertainment,Completed,user106@example.com,+1-574-743-9221
TXN-00602,2023-07-16,361.68,Utility,Pending,user602@example.com,+1-626-770-9683
TXN-00317,2023-10-24,602.29,Utility,Completed,user317@example.com,+1-854-837-8489
TXN-00793,2023-11-28,540.74,Healthcare,Completed,user793@example.com,+1-700-371-2354
TXN-00410,2023-05-16,577.17,Travel,Completed,user410@example.com,+1-283-246-5336
TXN-00026,2023-10-07,516.64,Utility,Pending,user26@example.com,+1-201-873-9889
TXN-00178,2023-10-04,718.03,Utility,Completed,user178@example.com,+1-800-775-6400
TXN-00112,2023-12-02,496.02,Travel,Pending,user112@example.com,+1-770-574-2479
TXN-00658,2023/13/45,496.38,Entertainment,Completed,user658@example.com,+1-586-765-8798
TXN-00062,2023-12-27,472.15,Healthcare,Completed,user62@example.com,+1-738-667-1251
TXN-00746,2023-03-20,391.14,Healthcare,Failed,user746@example.com,+1-354-553-1402
TXN-00057,2023-11-18,374.12,Travel,Completed,user57@example.com,+1-922-590-7325
TXN-00042,2023-02-17,525.71,Utility,Completed,user42@example.com,+1-449-667-3369
TXN-00068,2023-02-10,650.53,Grocery,Pending,user68@example.com,+1-890-746-7226
TXN-00838,2023-05-24,350.25,Healthcare,Completed,user838@example.com,+1-216-327-3588
TXN-00476,2023-04-24,462.64,Grocery,Completed,user476@example.com,+1-922-341-9498
TXN-00563,2023-10-24,630.67,Travel,Completed,user563@example.com,+1-384-987-3218
TXN-00403,2023-05-25,500.79,Travel,Completed,user403@example.com,+1-456-401-5496
TXN-00051,2023-10-02,548.61,Entertainment,Completed,user51@example.com,+1-765-981-9903
TXN-00407,2023-04-15,339.86,Utility,Completed,user407@example.com,+1-806-794-3526
TXN-00676,2023-12-23,383.33,Grocery,Completed,user676example.com,+1-712-963-6666
TXN-00110,2023-06-11,488.83,Utility,Completed,user110@example.com,+1-344-972-4696
TXN-00350,2023-09-25,467.98,Healthcare,Failed,user350@example.com,+1-576-731-5369
TXN-00518,2023-01-23,353.37,Healthcare,Completed,user518@example.com,+1-315-538-3662
TXN-00454,2023-07-01,575.61,Travel,Completed,user454@example.com,+1-685-731-8487
TXN-00269,2023-07-26,433.99,Travel,Pending,user269@example.com,+1-332-809-2388
TXN-00385,2023-12-27,386.13,Utility,Completed,user385@example.com,+1-570-720-4673
TXN-00569,2023-08-15,219.38,Travel,Completed,user569@example.com,+1-321-382-9802
TXN-00145,2023-11-02,538.98,Healthcare,Pending,user145@example.com,+1-456-378-2801
TXN-00161,2023-03-22,353.8,Travel,Completed,user161@example.com,+1-822-351-2076
TXN-00069,2023-04-30,554.25,Entertainment,Completed,user69@example.com,+1-524-841-8994
TXN-00767,2023-06-09,494.75,Utility,Pending,user767@example.com,+1-791-304-9796
TXN-00900,2023-06-01,377.46,Healthcare,Completed,user900@example.com,+1-318-664-1901
TXN-00698,2023-12-09,312.33,Grocery,Completed,user698@example.com,+1-811-812-6315
TXN-00497,2023-06-19,344.41,Grocery,Completed,user497@example.com,+1-448-251-9700
TXN-00637,2023-08-19,,Healthcare,Pending,user637@example.com,+1-982-206-7756
TXN-00017,2023-04-22,348.08,Healthcare,Completed,user17@example.com,+1-850-703-2494
TXN-00582,2023-06-21,437.71,Travel,Completed,user582@example.com,+1-657-812-1797
TXN-00680,2023-09-02,690.73,Travel,Pending,user680@example.com,+1-992-534-1485
TXN-00809,2023-05-19,688.36,Healthcare,Completed,user809@example.com,+1-414-955-6744
TXN-00369,2023-10-16,514.65,Travel,Pending,user369@example.com,+1-981-278-3255
TXN-00061,2023-04-09,428.12,Travel,Pending,user61@example.com,+1-302-650-2633
TXN-00998,2023-04-12,596.13,Grocery,Completed,user998@example.com,+1-811-424-1480
TXN-00591,2023-01-24,510.73,Grocery,Completed,user591@example.com,+1-623-507-5508
TXN-00707,2023-07-21,307.94,Entertainment,Completed,user707@example.com,+1-482-631-5911
TXN-00894,2023-10-29,675.39,Utility,Completed,user894@example.com,+1-723-408-3545
TXN-00684,2023-07-19,573.41,Utility,Completed,user684@example.com,12345
TXN-00397,2023-05-16,243.03,Healthcare,Completed,user397@example.com,+1-986-332-8088
TXN-00168,2023-02-24,784.52,Travel,Completed,user168@example.com,+1-640-662-4743
TXN-00319,2023-02-01,548.62,Healthcare,Completed,user319@example.com,+1-811-748-1269
TXN-00132,2023-09-10,510.28,Grocery,Completed,user132@example.com,+1-441-571-2627
TXN-00655,2023-02-11,,Entertainment,Pending,user655@example.com,+1-913-431-5914
TXN-00576,2023-02-13,168.33,Travel,Completed,user576@example.com,+1-554-358-5516
TXN-00909,2023-05-21,596.82,Utility,Completed,user909@example.com,+1-543-639-5456
TXN-00845,2023-04-08,524.97,Travel,Completed,user845@example.com,+1-253-605-6005
TXN-00608,2023-12-19,13743.0,Utility,Completed,user608@example.com,12345
TXN-00257,2023-12-04,690.04,Utility,Completed,user257example.com,+1-453-924-8172
TXN-00060,2023-10-23,646.33,Healthcare,Pending,user60example.com,+1-714-804-6439
TXN-00012,2023-10-30,430.14,Utility,Pending,user12@example.com,+1-890-789-1339
TXN-00011,2023-02-14,430.49,Healthcare,Completed,user11@example.com,+1-226-293-4750
TXN-00214,2023-11-29,597.71,Utility,Completed,user214@example.com,+1-496-535-2965
TXN-00754,2023-08-27,658.05,Entertainment,Completed,user754@example.com,+1-526-268-5919
TXN-00750,2023-12-09,289.0,Healthcare,Completed,user750@example.com,+1-519-551-8460
TXN-00650,2023-05-01,604.43,Travel,Completed,user650@example.com,+1-736-352-4948
TXN-00671,2023-02-01,686.91,Grocery,Completed,user671@example.com,+1-278-506-3661
TXN-00412,2023-09-08,331.3,Entertainment,Completed,user412@example.com,+1-832-854-1496
TXN-00795,2023-01-07,337.84,Travel,Completed,user795@example.com,+1-499-233-5503
TXN-00077,2023-07-09,513.06,Utility,Completed,user77@example.com,+1-583-641-3385
TXN-00252,2023-08-31,637.68,None,Pending,user252@example.com,+1-529-819-8792
TXN-00816,2023-05-18,277.17,Travel,Completed,user816@example.com,+1-496-786-5380
TXN-00492,2023-11-25,721.99,Healthcare,Completed,user492@example.com,+1-554-652-5201
TXN-00489,2023-02-05,ONE HUNDRED,Utility,Completed,user489@example.com,+1-588-604-6654
TXN-00867,2023-10-25,542.88,Grocery,Completed,user867@example.com,+1-803-947-7291
TXN-00532,2023-11-16,250.77,Entertainment,Pending,user532@example.com,+1-909-441-2017
TXN-00321,2023-01-30,514.55,Grocery,Completed,user321@example.com,+1-935-347-5772
TXN-00695,2023-01-15,588.97,Entertainment,Completed,user695@example.com,+1-770-768-9395
TXN-00660,2023-12-22,478.35,Utility,Completed,user660@example.com,+1-919-375-2354
TXN-00150,2023-01-06,544.55,Utility,Completed,user150@example.com,+1-329-959-7897
TXN-00496,2023-10-02,580.84,Utility,Pending,user496@example.com,+1-340-311-4920
TXN-00137,2023-11-18,382.51,Travel,Completed,user137@example.com,+1-878-417-1349
TXN-00760,2023-11-07,605.05,Utility,Completed,user760@example.com,+1-673-437-7636
TXN-00819,2023-02-14,512.34,Travel,Completed,user819@example.com,+1-260-483-3078
TXN-00737,2023-11-29,538.4,Entertainment,Completed,user737@example.com,+1-873-880-6816
TXN-00972,2023-05-03,397.84,Entertainment,Completed,user972@example.com,+1-263-999-4641
TXN-00770,2023-07-12,771.87,Grocery,Failed,user770@example.com,+1-468-886-9019
TXN-00619,2023-05-08,572.15,Healthcare,Completed,user619@example.com,+1-725-709-8635
TXN-00201,2023-10-09,553.67,Healthcare,Completed,user201@example.com,12345
TXN-00379,2023-05-06,828.47,Grocery,Pending,user379@example.com,+1-275-662-3828
TXN-00619,2023-05-08,572.15,Healthcare,Completed,user619@example.com,+1-725-709-8635
TXN-00984,2023-01-17,5916.0,Grocery,Completed,user984@example.com,+1-391-481-5585
TXN-00466,2023-07-30,466.85,Utility,Completed,user466@example.com,+1-871-994-4728
TXN-00645,2023-05-03,463.14,Entertainment,Failed,user645example.com,+1-212-217-9673
TXN-00668,2023-10-05,725.6,Utility,Completed,user668@example.com,+1-383-522-1256
TXN-00170,2023-06-02,386.94,Entertainment,Pending,user170@example.com,+1-608-625-2557
TXN-00804,2023-03-20,430.66,Healthcare,Completed,user804@example.com,+1-759-423-7965
TXN-00580,2023-11-21,671.56,Utility,Completed,user580@example.com,+1-446-411-2102
TXN-00509,2023-06-10,507.28,Travel,Completed,user509@example.com,+1-379-627-3880
TXN-00701,2023-03-26,421.59,Healthcare,Completed,user701@example.com,+1-942-772-4977
TXN-00697,2023-06-22,,Utility,Completed,user697@example.com,+1-291-562-2524
TXN-00263,2023-01-28,13.81,Healthcare,Completed,user263@example.com,+1-846-862-6482
TXN-00280,2023-05-23,442.2,Travel,Completed,user280@example.com,+1-956-739-1618
TXN-00735,2023-06-29,654.37,Travel,Pending,user735@example.com,+1-918-749-2392
TXN-00464,2023-04-02,532.1,Entertainment,Completed,user464@example.com,+1-942-904-1436
TXN-00084,2023-11-28,422.26,Healthcare,Completed,user84@example.com,+1-670-461-1153
TXN-00506,2023-11-02,426.93,Grocery,Pending,user506@example.com,+1-492-861-1969
TXN-00540,2023-07-29,413.47,Grocery,Completed,user540@example.com,+1-625-918-9998
TXN-00525,2023-12-10,385.51,Travel,Completed,user525@example.com,+1-288-610-2562
TXN-00351,2023-06-11,546.64,None,Completed,user351@example.com,+1-284-944-7955
TXN-00879,2023-05-19,497.54,Grocery,Completed,user879@example.com,+1-853-808-2163
TXN-00598,2023-11-19,353.19,Healthcare,Pending,user598@example.com,+1-585-388-9813
TXN-00179,2023-09-29,460.3,Healthcare,Completed,user179@example.com,+1-886-325-7730
TXN-00439,2023-10-26,244.49,Healthcare,Completed,user439@example.com,+1-310-641-3194
TXN-00173,2023-11-08,488.43,Grocery,Completed,user173@example.com,+1-356-903-8770
TXN-00683,2023-06-02,421.32,Entertainment,Pending,user683@example.com,+1-766-584-8075
TXN-00343,2023-01-21,536.74,Entertainment,Completed,user343@example.com,+1-459-237-4131
TXN-00022,2023-10-15,,Grocery,Completed,user22@example.com,+1-878-610-1601
TXN-00430,2023-10-15,236.19,Grocery,Completed,user430@example.com,+1-394-981-3610
TXN-00483,2023-01-13,259.03,Healthcare,Completed,user483@example.com,+1-452-485-5890
TXN-00228,2023-10-29,338.34,Healthcare,Completed,user228@example.com,+1-736-280-7484
TXN-00463,2023-01-13,395.04,Entertainment,Completed,user463@example.com,+1-626-797-6040
TXN-00236,2023-02-04,595.09,Entertainment,Completed,user236@example.com,+1-462-402-3842
TXN-00546,2023-03-07,380.47,Healthcare,Pending,user546@example.com,+1-777-314-2011
TXN-00828,2023-06-22,421.57,Entertainment,Completed,user828@example.com,+1-699-535-1040
TXN-00590,2023-01-13,371.59,Entertainment,Completed,user590@example.com,+1-876-733-4621
TXN-00040,2023-06-22,529.53,Healthcare,Failed,user40@example.com,+1-721-922-5479
TXN-00903,2023-04-02,504.31,Utility,Completed,user903@example.com,+1-918-211-3684
TXN-00810,2023-11-12,365.81,Entertainment,Pending,user810@example.com,+1-927-824-8015
TXN-00306,2023-05-27,517.6,Travel,Completed,user306@example.com,+1-526-301-6493
TXN-00294,2023-07-28,627.44,Healthcare,Completed,user294@example.com,+1-404-819-3267
TXN-00575,2023-12-04,624.41,Utility,Completed,user575@example.com,+1-435-453-8546
TXN-00226,2023-10-11,663.34,Utility,Completed,user226example.com,+1-290-647-2734
TXN-00831,2023-06-16,298.33,Healthcare,Pending,user831@example.com,+1-264-747-7516
TXN-00141,2023-11-02,534.12,Grocery,Completed,user141@example.com,+1-800-421-4817
TXN-00491,2023-06-29,,Utility,Completed,user491@example.com,+1-243-494-2294
TXN-00729,2023-05-10,419.04,Utility,Pending,user729@example.com,+1-447-458-3525
TXN-00646,2023-05-21,459.09,Entertainment,Completed,user646@example.com,+1-939-481-9777
TXN-00654,2023-10-04,ONE HUNDRED,Healthcare,Completed,user654example.com,+1-615-670-4984
TXN-00087,2023-11-22,637.31,Utility,Completed,user87@example.com,+1-553-801-5901
TXN-00836,2023-05-13,535.13,Healthcare,Completed,user836@example.com,+1-551-898-1793
TXN-00996,2023-10-29,457.83,Entertainment,Completed,user996@example.com,+1-529-597-5430
TXN-00272,2023-05-08,284.62,Healthcare,Completed,user272@example.com,+1-886-919-9624
TXN-00025,2023-12-26,418.34,Entertainment,Completed,user25@example.com,+1-991-613-9431
TXN-00293,2023-03-27,411.6,Travel,Completed,user293@example.com,+1-740-628-3655
TXN-00709,2023-10-16,187.71,Grocery,Completed,user709@example.com,+1-457-452-9123
TXN-00601,2023-12-23,613.55,Healthcare,Completed,user601@example.com,+1-674-259-7761
TXN-00147,2023-09-28,314.46,Travel,Completed,user147@example.com,+1-215-566-4898
TXN-00802,2023-08-24,422.59,Utility,Completed,user802@example.com,+1-755-974-1681
TXN-00241,2023-05-02,381.12,Healthcare,Completed,user241@example.com,+1-842-523-3473
TXN-00480,2023-06-06,667.94,Entertainment,Completed,user480@example.com,+1-670-745-6608
TXN-01000,2023-02-28,585.89,Utility,Pending,user1000@example.com,+1-683-742-6856
TXN-00095,2023-11-24,441.18,Utility,Completed,user95@example.com,+1-820-963-9138
TXN-00854,2023-11-27,678.35,Entertainment,Completed,user854@example.com,+1-689-272-4751
TXN-00640,2023-11-23,305.74,Travel,Completed,user640@example.com,+1-209-423-9285
TXN-00134,2023-01-25,571.04,Healthcare,Completed,user134@example.com,+1-860-567-1992
TXN-00994,2023-05-16,397.7,Utility,Completed,user994@example.com,+1-691-757-8940
TXN-00440,2023-10-10,491.67,Grocery,Failed,user440@example.com,+1-470-944-6992
TXN-00360,2023-12-10,375.92,Travel,Completed,user360@example.com,+1-481-854-1939
TXN-00258,2023-08-09,393.85,Grocery,Completed,user258example.com,+1-649-736-9564
TXN-00886,2023-03-03,777.01,Healthcare,Completed,user886@example.com,+1-214-468-4534
TXN-00282,2023-05-08,599.32,Travel,Completed,user282@example.com,+1-811-585-3527
TXN-00553,2023-11-12,675.17,Travel,Completed,user553@example.com,+1-256-664-3161
TXN-00140,2023-08-05,315.37,Travel,Completed,user140@example.com,+1-270-983-4394
TXN-00648,2023-02-09,491.86,Travel,Completed,user648@example.com,+1-914-890-8054
TXN-00285,2023-10-09,819.96,Healthcare,Completed,user285@example.com,+1-620-573-4891
TXN-00542,2023-07-26,330.54,Grocery,Pending,user542@example.com,+1-880-423-5054
TXN-00869,2023-08-31,,Utility,Completed,user869@example.com,+1-343-453-5537
TXN-00560,2023-05-27,436.85,Utility,Completed,user560@example.com,+1-917-265-9866
TXN-00371,2023-02-07,503.68,Grocery,Completed,user371@example.com,+1-521-865-5566
TXN-00434,2023-12-20,8951.0,Travel,Completed,user434@example.com,+1-717-668-4944
TXN-00596,2023-08-22,423.5,Travel,Pending,user596@example.com,+1-737-526-7821
TXN-00638,2023-05-13,511.0,Grocery,Completed,user638@example.com,+1-340-845-4791
TXN-00787,2023-09-30,625.09,Utility,Pending,user787@example.com,+1-522-661-1878
TXN-00588,2023-04-12,372.52,Healthcare,Completed,user588@example.com,+1-791-812-6253
TXN-00311,2023-09-07,467.35,Healthcare,Completed,user311@example.com,+1-281-219-5193
TXN-00021,2023-01-14,719.85,Entertainment,Completed,user21@example.com,+1-910-707-5722
TXN-00599,2023-10-22,433.36,Utility,Completed,user599@example.com,+1-684-446-4692
TXN-00673,2023-08-04,448.6,Healthcare,Completed,user673@example.com,+1-893-753-6435
TXN-00650,2023-05-01,604.43,Travel,Completed,user650@example.com,+1-736-352-4948
TXN-00973,2023-03-30,626.1,Grocery,Completed,user973@example.com,+1-333-402-7563
TXN-00521,2023-01-01,249.59,Healthcare,Completed,user521@example.com,+1-954-545-5833
TXN-00231,2023-02-06,390.45,None,Pending,user231@example.com,+1-278-722-2868
TXN-00544,2023-06-01,716.24,Travel,Completed,user544@example.com,+1-738-657-9653
TXN-00568,2023-08-15,348.79,Travel,Completed,user568@example.com,+1-336-869-6697
TXN-00951,2023-04-26,463.81,Grocery,Failed,user951@example.com,+1-442-498-5276
TXN-00980,2023-12-19,614.06,Healthcare,Completed,user980@example.com,+1-251-372-8096
TXN-00822,2023-05-05,711.4,Grocery,Pending,user822@example.com,+1-453-979-7434
TXN-00820,2023-05-23,659.82,Healthcare,Completed,user820@example.com,+1-918-335-5090
TXN-00196,2023-09-30,557.8,Utility,Completed,user196@example.com,+1-420-585-7878
TXN-00320,2023-06-10,480.48,Healthcare,Completed,user320@example.com,+1-847-727-4963
TXN-00260,2023-08-05,616.2,Travel,Completed,user260@example.com,+1-581-489-7347
TXN-00399,2023-02-24,482.82,Grocery,Completed,user399@example.com,+1-730-356-5982
TXN-00217,2023-09-22,384.08,Grocery,Pending,user217@example.com,+1-745-920-4770
TXN-00620,2023-03-04,533.58,Travel,Completed,user620@example.com,+1-300-939-8692
TXN-00390,2023-01-05,413.46,Grocery,Completed,user390@example.com,+1-826-288-2077
TXN-00742,2023-05-07,308.06,Travel,Pending,user742@example.com,+1-464-427-9366
TXN-00376,2023-03-09,384.9,Entertainment,Completed,user376@example.com,+1-920-656-4515
TXN-00556,2023-07-27,438.22,Travel,Completed,user556@example.com,+1-888-515-1356
TXN-00016,2023-02-17,415.66,Entertainment,Completed,user16@example.com,+1-484-385-8141
TXN-00097,2023-10-13,544.42,Travel,Pending,user97@example.com,+1-821-560-4588
TXN-00362,2023-06-03,729.91,Travel,Completed,user362@example.com,12345
TXN-00621,2023-08-22,381.43,Grocery,Completed,user621@example.com,+1-979-527-4328
TXN-00113,2023-09-13,509.03,Travel,Completed,user113@example.com,+1-604-214-5332
TXN-00982,2023-08-29,563.82,Entertainment,Completed,user982@example.com,+1-230-591-7990
TXN-00823,2023-08-26,844.83,Utility,Completed,user823@example.com,+1-701-345-5402
TXN-00607,2023-12-02,383.93,Travel,Completed,user607@example.com,+1-941-395-1844
TXN-00303,2023-07-19,612.09,Utility,Completed,user303@example.com,+1-605-714-7126
TXN-00234,2023-01-31,402.26,Entertainment,Completed,user234@example.com,+1-944-860-3419
TXN-00239,2023-02-06,400.73,Travel,Pending,user239@example.com,+1-675-972-8354
TXN-00315,2023-04-22,695.82,Utility,Completed,user315@example.com,+1-443-508-2996
TXN-00715,2023-03-11,494.35,Travel,Completed,user715@example.com,+1-640-866-3230
TXN-00946,2023-10-13,339.49,Travel,Completed,user946@example.com,+1-669-965-2391
TXN-00250,2023-08-31,560.75,Grocery,Completed,user250@example.com,+1-593-673-1672
TXN-00947,2023-08-02,271.17,Utility,Pending,user947@example.com,+1-794-297-9280
TXN-00389,2023-09-28,642.56,Travel,Completed,user389@example.com,+1-678-764-3126
TXN-00114,2023-07-22,869.49,Grocery,Completed,user114@example.com,+1-749-326-8451
TXN-00687,2023-10-07,463.95,Healthcare,Completed,user687@example.com,+1-284-474-3526
TXN-00333,2023-11-01,511.37,Utility,Completed,user333@example.com,12345
TXN-00511,2023-11-07,540.57,Travel,Pending,user511@example.com,+1-390-966-5742
TXN-00157,2023-06-24,779.87,Entertainment,Completed,user157@example.com,+1-262-690-7580
TXN-00381,2023-05-26,374.04,Entertainment,Pending,user381@example.com,+1-898-527-6692
TXN-00028,2023-04-23,556.35,Healthcare,Completed,user28@example.com,+1-392-730-6927
TXN-00003,2023-01-13,597.15,Entertainment,Completed,user3@example.com,+1-261-369-6039
TXN-00954,2023-08-19,716.56,Utility,Failed,user954@example.com,+1-439-276-4321
TXN-00526,2023-04-11,ONE HUNDRED,Entertainment,Pending,user526@example.com,+1-389-343-8822
TXN-00953,2023-07-14,312.27,Grocery,Completed,user953@example.com,+1-525-663-5455
TXN-00508,2023-06-26,370.4,Travel,Completed,user508@example.com,+1-747-956-1611
TXN-00501,2023-04-02,638.93,Grocery,Completed,user501@example.com,+1-302-897-3252
TXN-00744,2023-01-11,503.91,Utility,Pending,user744@example.com,+1-656-583-7408
TXN-00906,2023-12-29,506.97,None,Pending,user906@example.com,+1-370-580-3079
TXN-00763,2023-06-09,884.01,Grocery,Pending,user763@example.com,+1-605-229-4232
TXN-00606,2023-03-17,781.52,Healthcare,Completed,user606@example.com,+1-579-294-9775
TXN-00745,2023-11-15,577.65,Grocery,Completed,user745@example.com,+1-674-990-9199
TXN-00732,2023-01-10,353.24,Travel,Completed,user732@example.com,+1-796-610-9755
TXN-00931,2023-02-03,416.72,Grocery,Completed,user931@example.com,+1-498-777-5979
TXN-00875,2023-06-19,495.03,Entertainment,Completed,user875@example.com,+1-393-965-7418
TXN-00119,2023-03-13,671.42,Utility,Completed,user119@example.com,+1-824-426-2035
TXN-00920,2023-10-21,529.11,Travel,Completed,user920@example.com,+1-572-592-3458
TXN-00046,2023-06-26,392.02,Entertainment,Pending,user46@example.com,+1-548-719-5377
TXN-00462,2023-07-31,505.29,Grocery,Completed,user462@example.com,+1-539-889-2795
TXN-00882,2023-04-29,420.37,Healthcare,Completed,user882@example.com,+1-782-630-6986
TXN-00265,2023-12-01,462.11,None,Completed,user265@example.com,+1-771-894-7333
TXN-00657,2023-03-19,502.09,Healthcare,Completed,user657@example.com,+1-295-615-7213
TXN-00183,2023-09-08,339.37,Utility,Completed,user183@example.com,+1-306-791-9313
TXN-00745,2023-11-15,577.65,Grocery,Completed,user745@example.com,+1-674-990-9199
TXN-00944,2023-05-08,485.12,Grocery,Completed,user944@example.com,+1-295-244-4792
TXN-00689,2023-04-23,606.64,Entertainment,Pending,user689@example.com,+1-957-598-6188
TXN-00037,2023-05-23,531.33,Travel,Completed,user37@example.com,+1-295-430-2858
TXN-00778,2023-02-22,462.87,Entertainment,Completed,user778@example.com,+1-320-444-6003
TXN-00661,2023-03-20,413.95,Travel,Pending,user661@example.com,+1-711-644-6427
TXN-00032,2023-01-04,777.84,Entertainment,Completed,user32@example.com,+1-334-494-8178
TXN-00121,2023-10-15,618.65,Utility,Pending,user121@example.com,+1-864-618-2911
TXN-00254,2023-04-08,654.87,Entertainment,Completed,user254@example.com,+1-661-305-6626
TXN-00786,2023-06-27,,Entertainment,Pending,user786@example.com,+1-495-343-4065
TXN-00682,2023-06-30,330.64,Healthcare,Completed,user682@example.com,+1-702-433-6829
TXN-00531,2023-06-19,595.79,Travel,Completed,user531@example.com,+1-467-869-6890
TXN-00517,2023-05-11,575.14,Healthcare,Completed,user517@example.com,+1-679-479-4159
TXN-00402,2023-05-20,410.09,Healthcare,Completed,user402@example.com,+1-731-490-2292
TXN-00612,2023-04-23,491.66,Grocery,Completed,user612@example.com,+1-394-959-2922
TXN-00899,2023/13/45,680.98,Travel,Completed,user899@example.com,+1-450-288-8118
TXN-00537,2023-09-17,370.94,Entertainment,Completed,user537@example.com,+1-576-829-4618
TXN-00125,2023-08-08,588.03,Grocery,Completed,user125@example.com,+1-338-597-8432
TXN-00478,2023-08-24,546.69,Utility,Pending,user478@example.com,+1-878-689-9609
TXN-00356,2023-05-03,349.62,Entertainment,Completed,user356@example.com,+1-656-817-7981
TXN-00418,2023-05-22,517.35,Utility,Completed,user418@example.com,+1-650-625-8933
TXN-00653,2023-06-13,459.67,Entertainment,Completed,user653@example.com,+1-606-280-7112
TXN-00628,2023-06-12,481.13,Entertainment,Completed,user628@example.com,+1-783-451-9180
TXN-00169,2023-11-17,463.19,Utility,Completed,user169@example.com,+1-623-547-8430
TXN-00817,2023-06-15,540.06,Healthcare,Completed,user817@example.com,+1-726-895-2560
TXN-00245,2023-04-20,319.96,Healthcare,Completed,user245@example.com,+1-560-719-2215
TXN-00616,2023-08-26,519.38,Grocery,Completed,user616@example.com,+1-994-489-7236
TXN-00373,2023-04-20,717.67,Entertainment,Completed,user373@example.com,+1-953-390-9176
TXN-00941,2023-10-16,307.95,Utility,Completed,user941@example.com,+1-306-410-9680
TXN-00103,2023-01-17,448.59,Healthcare,Pending,user103@example.com,+1-292-502-6352
TXN-00365,2023-02-07,603.52,Entertainment,Completed,user365@example.com,+1-441-997-7001
TXN-00383,2023-08-13,181.42,Entertainment,Completed,user383@example.com,+1-497-507-3580
TXN-00274,2023-04-08,,Entertainment,Completed,user274@example.com,+1-720-570-1298
TXN-00318,2023-10-05,453.46,Healthcare,Pending,user318@example.com,+1-264-313-9189
TXN-00166,2023-04-02,561.92,Utility,Failed,user166@example.com,+1-301-918-2874
TXN-00027,2023-08-03,327.35,Healthcare,Completed,user27@example.com,+1-673-623-1888
TXN-00696,2023-07-19,453.57,Healthcare,Completed,user696example.com,+1-617-305-1430
TXN-00332,2023-02-05,365.41,Utility,Completed,user332@example.com,+1-446-950-2698
TXN-00435,2023-03-18,725.35,Healthcare,Pending,user435@example.com,+1-420-797-6781
TXN-00915,2023-03-06,485.71,Travel,Pending,user915@example.com,+1-361-461-2685
TXN-00481,2023-04-27,480.81,Utility,Completed,user481@example.com,+1-759-562-5331
TXN-00855,2023-12-31,713.08,Travel,Completed,user855@example.com,+1-592-291-2678
TXN-00198,2023-03-07,,Grocery,Completed,user198@example.com,+1-578-519-6314
TXN-00829,2023-01-15,436.97,Entertainment,Completed,user829@example.com,+1-992-950-2526
TXN-00045,2023-07-03,278.22,Grocery,Completed,user45example.com,+1-482-991-7798
TXN-00288,2023-11-30,588.25,Healthcare,Pending,user288@example.com,12345
TXN-00203,2023-05-16,662.46,Grocery,Completed,user203@example.com,+1-653-877-7947
TXN-00848,2023-07-28,868.3,Entertainment,Completed,user848@example.com,+1-920-297-1017
TXN-00330,2023-02-11,594.25,Utility,Pending,user330@example.com,+1-459-965-1266
TXN-00806,2023-04-01,453.62,Utility,Completed,user806@example.com,+1-504-233-8368
TXN-00979,2023-08-19,262.41,Travel,Completed,user979@example.com,+1-325-243-8552
TXN-00727,2023-05-23,502.77,Healthcare,Pending,user727@example.com,+1-618-889-9180
TXN-00104,2023-06-11,379.66,Utility,Completed,user104@example.com,+1-965-625-3877
TXN-00216,2023-08-13,613.85,Grocery,Completed,user216@example.com,+1-379-332-7229
TXN-00070,2023-02-21,403.23,Grocery,Completed,user70@example.com,+1-754-236-2121
TXN-00726,2023-07-14,472.4,Travel,Completed,user726@example.com,+1-648-498-2133
TXN-00536,2023-06-03,,Utility,Pending,user536@example.com,+1-906-320-5833
TXN-00423,2023-11-23,462.66,Travel,Completed,user423@example.com,+1-727-775-2739
TXN-00240,2023-09-21,,Grocery,Completed,user240@example.com,+1-897-778-6295
TXN-00908,2023-03-06,611.94,Healthcare,Completed,user908@example.com,+1-950-320-1480
TXN-00007,2023-03-13,736.88,Grocery,Completed,user7@example.com,+1-478-712-9847
TXN-00976,2023-03-22,216.57,Utility,Completed,user976@example.com,+1-276-222-2056
TXN-00764,2023-02-25,485.59,Healthcare,Pending,user764@example.com,+1-660-806-8037
TXN-00812,2023-09-05,434.04,Entertainment,Completed,user812@example.com,+1-411-411-1972
TXN-00545,2023-10-11,129.25,Grocery,Completed,user545@example.com,+1-920-570-2279
TXN-00289,2023-10-04,542.15,Travel,Completed,user289@example.com,+1-516-680-4178
TXN-00986,2023-05-28,326.25,Healthcare,Completed,user986@example.com,+1-828-834-5026
TXN-00078,2023-07-01,,Healthcare,Completed,user78@example.com,+1-450-743-7751
TXN-00414,2023-01-27,691.65,Healthcare,Pending,user414@example.com,+1-496-857-5949
TXN-00155,2023-05-17,543.96,Travel,Completed,user155@example.com,+1-829-244-9543
TXN-00583,2023-02-17,594.92,Travel,Completed,user583@example.com,+1-450-958-1724
TXN-00592,2023-05-06,428.35,Healthcare,Completed,user592@example.com,+1-262-770-3869
TXN-00199,2023-12-04,508.73,Utility,Completed,user199@example.com,12345
TXN-00813,2023-08-27,717.05,Travel,Completed,user813@example.com,+1-783-559-9720
TXN-00208,2023-10-04,577.07,Travel,Pending,user208@example.com,+1-490-894-8972
TXN-00034,2023/13/45,341.34,Entertainment,Failed,user34@example.com,+1-229-845-4920
TXN-00808,2023-11-30,428.19,Healthcare,Completed,user808@example.com,+1-649-320-4882
TXN-00133,2023/13/45,340.65,Healthcare,Completed,user133@example.com,+1-902-576-9920
TXN-00014,2023-01-17,213.01,Healthcare,Completed,user14@example.com,+1-790-241-3870
TXN-00902,2023-07-04,441.0,Healthcare,Failed,user902@example.com,+1-322-212-3248
TXN-00088,2023-03-29,549.31,Travel,Completed,user88@example.com,+1-854-634-5097
TXN-00812,2023-09-05,434.04,Entertainment,Completed,user812@example.com,+1-411-411-1972
TXN-00622,2023-03-10,570.72,Utility,Completed,user622@example.com,+1-579-520-7781
TXN-00374,2023-09-17,643.89,Travel,Completed,user374@example.com,+1-730-596-2929
TXN-00562,2023-08-09,811.31,Healthcare,Completed,user562@example.com,+1-232-493-7698
TXN-00615,2023-09-23,866.86,Grocery,Completed,user615@example.com,+1-606-445-6269
TXN-00364,2023-06-11,560.26,Healthcare,Completed,user364@example.com,+1-235-329-2101
TXN-00774,2023-10-31,645.88,Grocery,Completed,user774@example.com,+1-560-668-3826
TXN-00933,2023-09-09,282.8,Healthcare,Completed,user933@example.com,+1-675-577-9083
TXN-00723,2023-08-21,297.77,Utility,Completed,user723@example.com,+1-806-758-3947
TXN-00221,2023-04-26,847.2,Travel,Pending,user221@example.com,+1-279-520-8033
TXN-00093,2023-07-14,394.69,Utility,Completed,user93@example.com,+1-222-874-7484
TXN-00058,2023-11-13,453.62,Utility,Completed,user58@example.com,+1-879-867-3492
TXN-00513,2023-03-01,464.16,Healthcare,Completed,user513@example.com,+1-781-817-2758
TXN-00210,2023-04-13,1077.91,Grocery,Completed,user210@example.com,+1-246-425-7475
TXN-00396,2023-03-10,429.62,Grocery,Completed,user396@example.com,+1-552-331-3981
TXN-00468,2023-05-08,613.63,Utility,Pending,user468@example.com,+1-374-736-7229
TXN-00706,2023-01-14,590.9,Travel,Pending,user706@example.com,12345
TXN-00974,2023-10-10,402.11,Travel,Completed,user974@example.com,+1-581-902-2376
TXN-00624,2023-12-08,701.81,Utility,Completed,user624@example.com,+1-959-349-1265
TXN-00020,2023-11-05,288.15,Utility,Completed,user20@example.com,+1-364-537-7744
TXN-00180,2023-01-01,908.03,Healthcare,Completed,user180@example.com,+1-562-881-7929
TXN-00256,2023-02-19,427.36,Utility,Completed,user256@example.com,+1-861-376-1641
TXN-00224,2023-01-11,258.09,Entertainment,Completed,user224@example.com,+1-221-532-3815
TXN-00762,2023-03-25,518.3,Travel,Pending,user762@example.com,+1-855-873-8080
TXN-00870,2023-10-11,801.53,Travel,Completed,user870@example.com,+1-860-286-5065
TXN-00160,2023-08-11,598.48,Entertainment,Completed,user160@example.com,+1-275-282-6277
TXN-00273,2023-04-09,674.47,Healthcare,Completed,user273@example.com,+1-295-861-7937
TXN-00528,2023-08-09,507.21,Healthcare,Completed,user528@example.com,+1-467-592-4858
TXN-00936,2023-11-19,424.69,Grocery,Completed,user936@example.com,+1-354-206-7718
TXN-00186,2023-07-05,607.1,Utility,Completed,user186@example.com,+1-769-576-2882
TXN-00864,2023-05-05,769.38,Travel,Completed,user864@example.com,+1-621-830-8248
TXN-00739,2023-11-30,749.82,Travel,Completed,user739@example.com,+1-776-860-7547
TXN-00309,2023-10-12,582.06,Grocery,Completed,user309@example.com,+1-977-922-8685
TXN-00419,2023-01-23,676.89,Healthcare,Completed,user419@example.com,12345
TXN-00618,2023-10-13,608.86,Utility,Completed,user618@example.com,+1-515-467-6892
TXN-00629,2023-08-15,508.36,Utility,Pending,user629@example.com,+1-763-870-6530
TXN-00791,2023-02-05,564.44,Utility,Completed,user791@example.com,+1-618-901-9056
TXN-00392,2023-10-11,573.79,Entertainment,Completed,user392@example.com,+1-738-620-7708
TXN-00815,2023-10-31,654.78,Utility,Completed,user815@example.com,+1-372-531-5794
TXN-00019,2023-09-16,363.8,Utility,Pending,user19@example.com,+1-541-528-2713
TXN-00541,2023-06-17,625.35,None,Pending,user541@example.com,+1-682-975-9806
TXN-00877,2023-12-26,422.36,Grocery,Completed,user877@example.com,+1-445-706-7322
TXN-00565,2023-12-02,680.18,Entertainment,Pending,user565@example.com,+1-583-591-8348
TXN-00538,2023-06-08,442.32,Utility,Completed,user538@example.com,+1-424-336-8834
TXN-00116,2023-08-23,545.23,Healthcare,Completed,user116@example.com,+1-798-590-7086
TXN-00052,2023-03-05,442.24,Travel,Pending,user52@example.com,+1-586-666-6272
TXN-00968,2023-05-16,770.14,Healthcare,Completed,user968@example.com,+1-466-378-1509
TXN-00874,2023-10-09,390.36,Utility,Completed,user874@example.com,+1-730-821-9348
TXN-00447,2023-01-21,554.99,Healthcare,Completed,user447@example.com,+1-838-896-2946
TXN-00270,2023-06-23,519.61,Utility,Failed,user270@example.com,+1-517-772-7171
TXN-00232,2023-12-29,532.47,Travel,Completed,user232@example.com,+1-743-722-4176
TXN-00686,2023-10-03,606.95,Travel,Completed,user686@example.com,+1-452-930-2204
TXN-00585,2023-12-11,527.28,Utility,Completed,user585@example.com,+1-752-422-1924
TXN-00261,2023-07-30,360.96,Utility,Completed,user261@example.com,+1-618-993-6543
TXN-00858,2023-01-09,570.71,Entertainment,Completed,user858@example.com,+1-992-971-3181
TXN-00144,2023-07-15,527.7,Healthcare,Pending,user144@example.com,+1-348-333-9850
TXN-00821,2023-08-19,422.41,Grocery,Completed,user821@example.com,+1-349-928-6277
TXN-00006,2023-04-25,464.88,Entertainment,Completed,user6@example.com,+1-905-511-7594
TXN-00503,2023-05-16,290.21,Healthcare,Completed,user503@example.com,+1-616-868-8793
TXN-00704,2023-11-15,288.73,Entertainment,Completed,user704@example.com,+1-342-475-5933
TXN-00524,2023-12-18,585.59,Healthcare,Pending,user524@example.com,+1-637-727-6372
TXN-00342,2023-11-01,536.55,Utility,Failed,user342example.com,+1-607-756-8756
TXN-00566,2023-06-14,438.79,Healthcare,Completed,user566@example.com,+1-586-584-2314
TXN-00571,2023-04-20,502.76,Entertainment,Pending,user571@example.com,+1-945-428-1056
TXN-00487,2023-06-18,403.01,Utility,Completed,user487@example.com,+1-773-938-5480
TXN-00479,2023-06-29,961.83,Travel,Completed,user479@example.com,+1-585-521-3837
TXN-00213,2023-12-10,643.1,Utility,Completed,user213@example.com,+1-985-340-5186
TXN-00047,2023-11-06,430.9,Entertainment,Completed,user47@example.com,+1-202-489-5891
TXN-00913,2023-05-30,537.41,Entertainment,Completed,user913@example.com,+1-568-256-9185
TXN-00905,2023-01-08,528.66,Entertainment,Completed,user905example.com,+1-729-938-5247
TXN-00558,2023-01-01,435.12,Healthcare,Completed,user558@example.com,+1-963-423-2196
TXN-00597,2023-08-01,459.52,Utility,Completed,user597@example.com,+1-618-352-5913
TXN-00589,2023-03-17,624.55,Grocery,Pending,user589@example.com,+1-442-509-3347
TXN-00677,2023-01-11,333.41,Utility,Completed,user677@example.com,+1-254-300-8161
TXN-00257,2023-12-04,690.04,Utility,Completed,user257@example.com,+1-453-924-8172
TXN-00405,2023-04-18,432.49,Entertainment,Completed,user405@example.com,+1-829-746-2530
TXN-00662,2023-12-28,417.97,Travel,Completed,user662@example.com,+1-779-297-9653
TXN-00235,2023-04-28,821.59,Travel,Completed,user235@example.com,+1-441-305-3399
TXN-00922,2023-08-29,346.02,Travel,Completed,user922@example.com,+1-429-529-5067
TXN-00884,2023-04-09,656.62,Healthcare,Completed,user884@example.com,+1-981-682-2195
TXN-00397,2023-05-16,243.03,Healthcare,Completed,user397@example.com,+1-986-332-8088
TXN-00159,2023-05-31,,Travel,Completed,user159@example.com,+1-702-929-8267
TXN-00348,2023-10-26,288.88,Utility,Failed,user348@example.com,+1-595-547-4060
TXN-00158,2023/13/45,571.07,Travel,Completed,user158@example.com,+1-636-902-2768
TXN-00533,2023-06-10,490.09,Utility,Pending,user533@example.com,+1-883-321-8625
TXN-00222,2023-02-02,219.91,Travel,Completed,user222@example.com,+1-787-614-7843
TXN-00559,2023-06-05,559.17,Healthcare,Pending,user559@example.com,+1-246-633-6644
TXN-00935,2023-10-23,566.0,Travel,Completed,user935@example.com,+1-950-759-5016
TXN-00304,2023-05-16,591.56,Utility,Completed,user304@example.com,+1-441-595-2337
TXN-00409,2023-11-21,518.04,Healthcare,Pending,user409@example.com,+1-777-242-1464
TXN-00703,2023-03-07,394.35,Healthcare,Completed,user703@example.com,+1-901-589-3777
TXN-00632,2023-08-07,729.43,Grocery,Pending,user632@example.com,+1-671-372-6770
TXN-00614,2023-12-23,331.18,Grocery,Completed,user614@example.com,+1-448-912-4350
TXN-00420,2023-01-02,510.13,Healthcare,Completed,user420@example.com,+1-821-347-6121
TXN-00991,2023-02-06,531.26,Entertainment,Completed,user991@example.com,+1-404-858-9614
TXN-00458,2023-03-21,344.71,Utility,Completed,user458@example.com,+1-807-544-9311
TXN-00054,2023-02-10,591.75,Grocery,Completed,user54@example.com,+1-785-592-4826
TXN-00475,2023-08-29,746.75,Healthcare,Completed,user475@example.com,+1-953-944-2020
TXN-00284,2023-08-15,314.33,Grocery,Pending,user284@example.com,+1-938-648-1715
TXN-00334,2023-02-04,,Grocery,Completed,user334@example.com,+1-336-245-6772
TXN-00977,2023-01-02,432.15,Healthcare,Completed,user977@example.com,+1-402-861-8265
TXN-00502,2023-10-25,786.41,Travel,Completed,user502@example.com,+1-205-763-3587
TXN-00960,2023-10-19,567.16,Utility,Completed,user960@example.com,+1-662-515-8591
TXN-00172,2023-09-17,377.63,Utility,Completed,user172@example.com,+1-881-461-7132
TXN-00514,2023-07-17,363.87,Grocery,Completed,user514@example.com,+1-543-491-8444
TXN-00851,2023-05-04,,Grocery,Completed,user851@example.com,+1-731-896-8291
TXN-00175,2023-03-20,541.5,Travel,Completed,user175example.com,+1-295-642-2582
TXN-00761,2023-02-28,413.65,Grocery,Completed,user761@example.com,+1-844-388-4053
TXN-00579,2023-12-06,278.21,Travel,Completed,user579@example.com,+1-829-984-1256
TXN-00325,2023-09-15,349.1,Entertainment,Failed,user325@example.com,+1-736-569-2108
TXN-00963,2023-11-09,529.48,None,Completed,user963@example.com,+1-921-913-1660
TXN-00932,2023-07-25,ONE HUNDRED,Travel,Completed,user932@example.com,+1-957-837-4974
TXN-00308,2023-12-23,411.26,Utility,Completed,user308@example.com,+1-493-683-3273
TXN-00505,2023-02-25,402.4,Entertainment,Completed,user505@example.com,+1-974-494-6262
TXN-00832,2023-04-04,362.2,Travel,Pending,user832@example.com,+1-423-639-4470
TXN-00460,2023-03-25,320.32,Grocery,Completed,user460@example.com,+1-925-776-5911
TXN-00115,2023-11-26,471.15,Healthcare,Completed,user115@example.com,+1-577-888-5295
TXN-00573,2023-08-31,549.04,Travel,Completed,user573@example.com,+1-674-889-9920
TXN-00642,2023-09-24,750.35,Entertainment,Completed,user642@example.com,+1-832-853-8916
TXN-00527,2023-07-06,255.87,Utility,Pending,user527@example.com,+1-531-454-1111
TXN-00766,2023-01-14,394.52,Utility,Completed,user766@example.com,+1-410-485-2025
TXN-00302,2023-01-02,415.97,Healthcare,Completed,user302@example.com,+1-227-624-1872
TXN-00535,2023-03-05,402.22,Grocery,Completed,user535@example.com,+1-902-714-6095
TXN-00803,2023-12-29,514.42,Healthcare,Completed,user803@example.com,+1-978-936-8231
TXN-00988,2023-05-25,631.6,Grocery,Completed,user988@example.com,+1-621-763-8848
TXN-00623,2023-08-26,782.3,Utility,Completed,user623@example.com,+1-246-776-4625
TXN-00725,2023-06-22,525.63,Travel,Failed,user725@example.com,+1-944-672-4434
TXN-00555,2023-06-04,550.64,Healthcare,Failed,user555@example.com,+1-777-259-8575
TXN-00520,2023-08-12,612.71,Travel,Pending,user520@example.com,+1-935-390-1230
TXN-00043,2023-07-14,482.65,Entertainment,Completed,user43@example.com,+1-592-395-9327
TXN-00889,2023-04-05,588.6,Utility,Completed,user889@example.com,+1-985-625-7939
TXN-00130,2023-03-12,424.48,Healthcare,Completed,user130@example.com,+1-486-233-7070
TXN-00796,2023-08-04,657.97,None,Completed,user796@example.com,+1-430-750-5729
TXN-00590,2023-01-13,371.59,Entertainment,Completed,user590@example.com,+1-876-733-4621
TXN-00071,2023-07-14,554.21,Healthcare,Completed,user71@example.com,+1-440-846-5708
TXN-00841,2023-05-22,492.58,Utility,Completed,user841@example.com,+1-865-509-3604
TXN-00840,2023-12-26,467.9,Grocery,Completed,user840@example.com,+1-638-407-3161
TXN-00788,2023-08-08,,Travel,Completed,user788@example.com,+1-567-209-8939
TXN-00448,2023-07-03,,Healthcare,Completed,user448@example.com,+1-331-299-7453
TXN-00456,2023-07-28,381.07,Grocery,Completed,user456@example.com,+1-343-535-6218
TXN-00768,2023-10-22,765.62,Utility,Completed,user768@example.com,+1-391-574-6340
TXN-00586,2023-06-08,537.23,Travel,Completed,user586@example.com,+1-343-715-5739
TXN-00200,2023-09-01,328.55,Grocery,Completed,user200@example.com,+1-253-359-3579
TXN-00603,2023-09-11,630.44,Entertainment,Completed,user603@example.com,+1-337-597-4978
TXN-00013,2023-08-05,536.29,Healthcare,Completed,user13@example.com,+1-983-888-5415
TXN-00907,2023/13/45,296.02,Travel,Pending,user907@example.com,+1-967-999-5403
TXN-00716,2023-08-25,8813.0,Healthcare,Failed,user716@example.com,+1-507-528-4290
TXN-00945,2023-03-02,777.0,Travel,Failed,user945@example.com,+1-732-622-7102
